{"type": "FeatureCollection", "metadata": {"generated": "2026-01-16T16:20:41.696Z", "count": 14109}, "features": [{"type": "Feature", "properties": {"id": 0.47712547986946663, "osm_id": 22414320, "name_kz": "Ертіс", "name_ru": "Иртыш", "name_en": "Irtysh", "object_type": "river"}, "geometry": {"type": "LineString", "coordinates": [[76.80549, 52.3633442], [76.806283, 52.3655918], [76.8093664, 52.3677885], [76.8114263, 52.3695703], [76.8115122, 52.3717189], [76.8092806, 52.3735529], [76.8050749, 52.3746009], [76.8005258, 52.3742341], [76.7965133, 52.3727407], [76.7919857, 52.3695703], [76.7889816, 52.3688366], [76.7857861, 52.369311], [76.7837567, 52.3700419], [76.7808277, 52.371863], [76.7778236, 52.3756751], [76.7719872, 52.3787665], [76.7695839, 52.3817005], [76.7670948, 52.3842152], [76.7632324, 52.3864678], [76.7585117, 52.387044], [76.7488128, 52.3866774], [76.7451221, 52.3864678], [76.742633, 52.3872536], [76.7416889, 52.3889298], [76.742633, 52.3903965], [76.7447788, 52.3917584], [76.7477829, 52.3926488], [76.7577393, 52.3934345], [76.7622883, 52.3955819], [76.7665798, 52.3969436], [76.7730171, 52.3973102], [76.7765362, 52.3981482], [76.7824156, 52.4027304], [76.7844755, 52.4056105], [76.7843039, 52.4074955], [76.7823298, 52.4090662], [76.7780597, 52.409688], [76.7686397, 52.409773], [76.765464, 52.4101919], [76.7626316, 52.4119197], [76.7618591, 52.4136997], [76.7623741, 52.4157415], [76.7653782, 52.4169454], [76.7681247, 52.4174689], [76.7722446, 52.4172072], [76.7743046, 52.416422], [76.7774803, 52.4146944], [76.7796261, 52.4141709], [76.7834026, 52.4139615], [76.7849476, 52.415532], [76.7852909, 52.4179924], [76.783188, 52.4205312], [76.7800123, 52.4222586], [76.7765483, 52.4231961]]}}, {"type": "Feature", "properties": {"id": 0.5545692709759464, "osm_id": 22602146, "name_kz": "Іле", "name_ru": "Или", "name_en": "Ile River", "object_type": "river"}, "geometry": {"type": "LineString", "coordinates": [[78.3158593, 43.8794805], [78.3043765, 43.8780515], [78.299055, 43.8785464], [78.295021, 43.8794744], [78.2811164, 43.8818253], [78.2632636, 43.8821965], [78.2565688, 43.8831245], [78.2475566, 43.8821347], [78.2344473, 43.8832727], [78.2265505, 43.882828], [78.221615, 43.8828458], [78.2166795, 43.8820099], [78.2130272, 43.8805335], [78.2104608, 43.8784168], [78.2048987, 43.8771853], [78.2010363, 43.8755767], [78.1932117, 43.8724608], [78.1853866, 43.8693652], [78.1786251, 43.863588], [78.1674671, 43.8577088], [78.1612873, 43.8540573], [78.148756, 43.8516434], [78.1441212, 43.848239], [78.1296587, 43.8427916], [78.124938, 43.8402225], [78.1203461, 43.837189], [78.1152821, 43.835796], [78.1040427, 43.8293538], [78.0941643, 43.823691], [78.0174312, 43.8177976], [77.9167298, 43.8065158], [77.8142445, 43.795032], [77.6839652, 43.8107565], [77.5143041, 43.8312282], [77.3439465, 43.8517769], [77.2530188, 43.8627418], [77.1837728, 43.8710907], [77.1400343, 43.8827286], [77.1231743, 43.8988522], [77.1151062, 43.9157958], [77.1114372, 43.9180899], [77.1068881, 43.9181054], [77.1003972, 43.9191603], [77.0985746, 43.919709], [77.0975541, 43.9203466], [77.0971852, 43.9209609], [77.0972255, 43.9217511]]}}, {"type": "Feature", "properties": {"id": 0.7994476846477758, "osm_id": 23150388, "name_kz": "Марқакөл", "name_ru": "озеро Маркаколь", "name_en": "Marqakol", "object_type": "lake"}, "geometry": {"type": "Polygon", "coordinates": [[[85.71925, 48.8243418], [85.7204455, 48.8247096], [85.7218895, 48.8251087], [85.7228186, 48.8252543], [85.7246964, 48.8257217], [85.7255422, 48.8258928], [85.72875, 48.826], [85.73625, 48.82475], [85.7435, 48.82175], [85.7450794, 48.8212194], [85.745306, 48.8211793], [85.7455879, 48.8212417], [85.7457669, 48.8213687], [85.746031, 48.8215778], [85.746313, 48.8217457], [85.7463973, 48.8218374], [85.7472498, 48.8223229], [85.7475642, 48.822518], [85.7479253, 48.822667], [85.7504653, 48.8226794], [85.7509065, 48.8226551], [85.7527516, 48.8227994], [85.7530888, 48.8228468], [85.7533795, 48.8228877], [85.7538573, 48.8229195], [85.7551132, 48.8231849], [85.7559356, 48.8233587], [85.7571964, 48.823469], [85.7580873, 48.8236137], [85.7584826, 48.8237459], [85.7591431, 48.8238376], [85.7598251, 48.8238446], [85.7607393, 48.8238206], [85.7611487, 48.823837], [85.7617621, 48.8240399], [85.7619186, 48.8243358], [85.7621534, 48.8244669], [85.7627585, 48.8244964], [85.7638694, 48.8248177], [85.7644034, 48.8248164], [85.7676796, 48.825146], [85.7679147, 48.8251527], [85.7680482, 48.8252846], [85.7682702, 48.8253228], [85.7685616, 48.8253456], [85.7688913, 48.8253053], [85.7691853, 48.8251947], [85.7693711, 48.8251431], [85.7693892, 48.8252001], [85.7694796, 48.8252403], [85.7700542, 48.8253152], [85.7701616, 48.8252949], [85.7709757, 48.8253751], [85.7710746, 48.8253461], [85.7711634, 48.8253629], [85.7712553, 48.8254627], [85.7713552, 48.8255479], [85.7715151, 48.825575], [85.7718055, 48.8255654], [85.7723009, 48.825529], [85.7727434, 48.8254384], [85.7727993, 48.8253818], [85.7730542, 48.8254002], [85.7731397, 48.8254476], [85.77322, 48.8255358], [85.7737481, 48.8254923], [85.7745786, 48.8254225], [85.7750629, 48.8254068], [85.7784261, 48.8253377], [85.7791109, 48.8253732], [85.7794864, 48.8254289], [85.780037, 48.8253783], [85.7822117, 48.8255805], [85.7832069, 48.8255894], [85.787, 48.82525], [85.7963977, 48.8211536], [85.7966588, 48.821166], [85.797065, 48.8212363], [85.7974642, 48.8215356], [85.7979968, 48.821697], [85.7984705, 48.8217753], [85.7989026, 48.8217157], [85.7993326, 48.8218815], [85.8, 48.82225], [85.80125, 48.8225], [85.8020021, 48.8226605], [85.8026462, 48.8226797], [85.8027545, 48.8227044], [85.8028187, 48.8228417], [85.8030173, 48.822891], [85.8033951, 48.8228942], [85.8036498, 48.8228713], [85.8038384, 48.8228081], [85.8049142, 48.8225204], [85.80775, 48.82175], [85.809, 48.82075], [85.81125, 48.82025], [85.8145, 48.81825], [85.81475, 48.8175], [85.8176053, 48.8152155], [85.8200783, 48.8128597], [85.8208556, 48.8119675], [85.82075, 48.8115], [85.8210525, 48.8107921], [85.8216261, 48.8101329], [85.8225085, 48.8096306], [85.82325, 48.80925], [85.8242092, 48.8089482], [85.8250682, 48.8084349], [85.8257334, 48.808297], [85.8263667, 48.8082735], [85.827, 48.8083961], [85.828, 48.80925], [85.8283484, 48.8093776], [85.8287011, 48.8094146], [85.8290561, 48.8093685], [85.8295725, 48.8092263], [85.83, 48.809], [85.8317834, 48.8081238], [85.8323085, 48.8078554], [85.8326674, 48.8073632], [85.8328387, 48.8072254], [85.8331625, 48.8070035], [85.8334863, 48.8068493], [85.8342254, 48.8065686], [85.8354577, 48.8058773], [85.8371297, 48.8048229], [85.8381899, 48.8043326], [85.83925, 48.80375], [85.8405, 48.80325], [85.8409455, 48.803084], [85.8415322, 48.8027258], [85.8417978, 48.8026064], [85.8420027, 48.8025997], [85.843297, 48.8023269], [85.8438318, 48.8021346], [85.8447462, 48.8020062], [85.8454656, 48.802033], [85.8459371, 48.8020839], [85.8469359, 48.8018154], [85.8477805, 48.8015562], [85.8486956, 48.8009513], [85.8490047, 48.8008546], [85.8494113, 48.8007847], [85.8518219, 48.7997161], [85.852247, 48.7995578], [85.8526019, 48.7993594], [85.8531753, 48.7990338], [85.8541884, 48.7986275], [85.8546404, 48.7985154], [85.8551319, 48.7985671], [85.8555174, 48.7986312], [85.8557681, 48.798638], [85.8560437, 48.7985836], [85.8562491, 48.7985145], [85.8565162, 48.7984174], [85.8569351, 48.7983945], [85.8576772, 48.7983866], [85.8581731, 48.7983669], [85.8586, 48.7983316], [85.8588351, 48.7984065], [85.8590816, 48.7985182], [85.8597057, 48.7985399], [85.8604779, 48.79902], [85.8607456, 48.7992905], [85.8608678, 48.7995466], [85.8608046, 48.7997306], [85.8607141, 48.7998727], [85.8605429, 48.799903], [85.8604558, 48.7999516], [85.86025, 48.80025], [85.8602972, 48.8005442], [85.8605553, 48.8008899], [85.8595, 48.80225], [85.859, 48.80475], [85.859, 48.80675], [85.8591171, 48.8072069], [85.8591344, 48.8076099], [85.8592546, 48.8082906], [85.8593609, 48.8088028], [85.859, 48.8115], [85.8591185, 48.8118874], [85.8592775, 48.8121145], [85.8597628, 48.8125144], [85.8599514, 48.8127024], [85.8599605, 48.8129692], [85.8599032, 48.8137666], [85.8596214, 48.8145308], [85.8592923, 48.8149468], [85.8588143, 48.8154742], [85.8586379, 48.8157315], [85.858778, 48.8159852], [85.8590258, 48.8162992], [85.85875, 48.819], [85.85975, 48.82125], [85.8600579, 48.8218657], [85.86025, 48.82225], [85.8607465, 48.822952], [85.8614176, 48.8236402], [85.8620912, 48.8243679], [85.8635, 48.8255], [85.86725, 48.82775], [85.8701956, 48.8283695], [85.8708547, 48.8283479], [85.8713316, 48.8282267], [85.8715537, 48.8282872], [85.8720212, 48.8283246], [85.8742642, 48.8288089], [85.8746446, 48.8288235], [85.8748522, 48.8288314], [85.8775138, 48.8289335], [85.8791199, 48.828727], [85.880059, 48.8285482], [85.8807128, 48.8283994], [85.8807988, 48.8284887], [85.8809179, 48.8284308], [85.8810533, 48.8283533], [85.8819501, 48.8280011], [85.8824837, 48.8278234], [85.8836085, 48.827133], [85.8842447, 48.8267425], [85.8846626, 48.8265482], [85.8847115, 48.8265191], [85.8856118, 48.8259829], [85.8864707, 48.8254936], [85.8865345, 48.8254572], [85.8875, 48.825091], [85.8884512, 48.8247005], [85.8900142, 48.8241108], [85.8915, 48.8235], [85.89475, 48.8195], [85.89425, 48.81925], [85.89475, 48.8175], [85.89575, 48.81775], [85.899, 48.81625], [85.89975, 48.81525], [85.9035, 48.81425], [85.905, 48.8135], [85.90875, 48.8105], [85.911, 48.81], [85.91325, 48.80875], [85.91475, 48.80875], [85.91575, 48.80825], [85.917, 48.80625], [85.917, 48.8055], [85.9175164, 48.804711], [85.9176486, 48.804514], [85.9177331, 48.8043463], [85.9188722, 48.8035959], [85.9194248, 48.8034868], [85.9200137, 48.8032387], [85.920475, 48.8029583], [85.9206484, 48.8027881], [85.9208961, 48.8025588], [85.9212084, 48.8022252], [85.9217488, 48.801648], [85.9227844, 48.8005439], [85.9249322, 48.7980081], [85.9252904, 48.7976597], [85.9257494, 48.7974009], [85.9262987, 48.7973281], [85.9266602, 48.7973579], [85.9278777, 48.7976582], [85.9281452, 48.7978271], [85.9284513, 48.7980915], [85.9288385, 48.7985056], [85.9292614, 48.7987586], [85.9305, 48.7995], [85.9315, 48.80075], [85.9315016, 48.8013637], [85.9314242, 48.8016833], [85.9314504, 48.8019198], [85.9315396, 48.802107], [85.9317001, 48.8022339], [85.9319673, 48.8023277], [85.9324696, 48.8024562], [85.9329112, 48.8024985], [85.9332755, 48.8024852], [85.9337633, 48.8024308], [85.9348179, 48.8022847], [85.9353346, 48.8021779], [85.9355873, 48.8021968], [85.9357722, 48.8022469], [85.9363014, 48.8021046], [85.9365168, 48.8020614], [85.9367076, 48.8021053], [85.9368, 48.8021881], [85.9367864, 48.8022998], [85.936655, 48.802405], [85.9363745, 48.8026144], [85.9369626, 48.8024055], [85.937208, 48.8023001], [85.9373786, 48.8023361], [85.9377478, 48.8023431], [85.94, 48.80325], [85.94175, 48.8055], [85.94275, 48.80525], [85.944, 48.80625], [85.94475, 48.806], [85.94575, 48.8065], [85.94875, 48.80675], [85.9512723, 48.8066446], [85.9517817, 48.8066127], [85.9527744, 48.8066466], [85.95325, 48.8065], [85.95475, 48.80675], [85.95575, 48.80775], [85.95475, 48.80875], [85.95375, 48.80875], [85.95325, 48.81], [85.9533832, 48.8100761], [85.954221, 48.8107263], [85.9546365, 48.8109512], [85.9550325, 48.8110696], [85.9562032, 48.8112381], [85.957065, 48.811596], [85.9603514, 48.8117763], [85.9609817, 48.8119679], [85.9607553, 48.8123298], [85.9605, 48.8125], [85.96075, 48.813], [85.95925, 48.814], [85.95925, 48.8145192], [85.95925, 48.81475], [85.96075, 48.81625], [85.9636002, 48.8171314], [85.965198, 48.8173123], [85.9653951, 48.8176398], [85.9651252, 48.8179534], [85.9650696, 48.8180108], [85.9649477, 48.8181367], [85.9645933, 48.8181896], [85.964682, 48.8182419], [85.9647701, 48.8182939], [85.9651686, 48.8182909], [85.9654479, 48.8182415], [85.9656949, 48.8181866], [85.965887, 48.8181823], [85.9659961, 48.8182583], [85.9660867, 48.8183565], [85.9661219, 48.8184884], [85.9661645, 48.8186224], [85.9659604, 48.8187418], [85.9656763, 48.8188322], [85.9650326, 48.8188318], [85.9647994, 48.8189619], [85.964365, 48.8197805], [85.9639968, 48.8204073], [85.9639078, 48.8208811], [85.965, 48.8215], [85.972, 48.8215], [85.97475, 48.82275], [85.98025, 48.823], [85.98825, 48.8215], [85.99075, 48.82025], [85.99325, 48.8215], [85.99625, 48.82225], [85.9983618, 48.8222605], [86.0002114, 48.8218887], [86.0009163, 48.8211716], [86.0011998, 48.8206547], [86.0013937, 48.8204114], [86.0014929, 48.820287], [86.0015971, 48.8201563], [86.0017222, 48.8199994], [86.0040189, 48.8199234], [86.0055, 48.8215], [86.0066171, 48.8227013], [86.0066547, 48.8228456], [86.0065181, 48.8230133], [86.0060697, 48.8231908], [86.0057475, 48.8231711], [86.0055, 48.82325], [86.0053825, 48.8234019], [86.0054648, 48.8236574], [86.0057693, 48.8240236], [86.0062353, 48.824205], [86.0068088, 48.8242314], [86.0075, 48.82425], [86.0101329, 48.8226486], [86.01075, 48.8215], [86.011229, 48.8211641], [86.0114616, 48.8212645], [86.0117839, 48.8211111], [86.0141402, 48.8191221], [86.0173446, 48.8153835], [86.0184274, 48.8136446], [86.0190726, 48.813134], [86.0191253, 48.8130644], [86.0198395, 48.8121221], [86.0215784, 48.8097604], [86.0217397, 48.8096814], [86.0217722, 48.8095883], [86.0217271, 48.8094319], [86.0218165, 48.8091912], [86.021986, 48.809161], [86.0221351, 48.8091308], [86.0221917, 48.809041], [86.0221825, 48.8089866], [86.0221638, 48.8088757], [86.0221151, 48.8087021], [86.0224773, 48.8078335], [86.0225481, 48.8075629], [86.022458, 48.80749], [86.0225569, 48.8073259], [86.0225738, 48.8069108], [86.023012, 48.8055803], [86.0231209, 48.8053618], [86.0231785, 48.805238], [86.023285, 48.8051486], [86.0234682, 48.8050784], [86.0236184, 48.8049919], [86.0237142, 48.8049087], [86.0238239, 48.8049025], [86.0238637, 48.8047745], [86.0238813, 48.8047181], [86.0240806, 48.8045776], [86.024164, 48.8045161], [86.024281, 48.8045497], [86.0244952, 48.8045202], [86.0245947, 48.8044538], [86.0246065, 48.8043762], [86.0245337, 48.8043167], [86.0246999, 48.8041635], [86.0249007, 48.8038913], [86.0250019, 48.8035495], [86.0250687, 48.8033408], [86.0250834, 48.8031247], [86.0252015, 48.8026621], [86.0253576, 48.8022699], [86.0256893, 48.801728], [86.025879, 48.8014307], [86.026284, 48.8009482], [86.0271018, 48.799917], [86.0273244, 48.7995071], [86.0273456, 48.7993544], [86.0272914, 48.7990437], [86.0272458, 48.7985444], [86.0271495, 48.7981255], [86.0271541, 48.7979596], [86.0271807, 48.7977682], [86.0271493, 48.7975984], [86.0270465, 48.7974286], [86.0268366, 48.7972815], [86.0267466, 48.7970437], [86.0266383, 48.7967576], [86.0265831, 48.7965328], [86.026373, 48.7960572], [86.0262065, 48.7957429], [86.0260753, 48.7955383], [86.0259774, 48.795145], [86.0259841, 48.7946594], [86.0260215, 48.7944256], [86.0258401, 48.7933738], [86.0257062, 48.7932381], [86.0255963, 48.7932008], [86.0251808, 48.7929096], [86.0251483, 48.7928175], [86.0250816, 48.7927394], [86.0249031, 48.7927216], [86.0245246, 48.7923139], [86.0242092, 48.7920751], [86.0240829, 48.7919469], [86.0238594, 48.7918009], [86.0236495, 48.7915262], [86.0236588, 48.79125], [86.0238239, 48.7905281], [86.0238259, 48.7898542], [86.0233288, 48.7893302], [86.02325, 48.78825], [86.0228497, 48.7881499], [86.0225174, 48.7880669], [86.02225, 48.788], [86.0221125, 48.7876779], [86.0220739, 48.7875876], [86.0221057, 48.7874658], [86.0220119, 48.787438], [86.0218872, 48.7874157], [86.0217663, 48.7873424], [86.0216377, 48.787194], [86.0215228, 48.7870114], [86.0212399, 48.78687], [86.021, 48.78675], [86.0185, 48.78675], [86.0178029, 48.7857577], [86.0175, 48.78525], [86.01725, 48.7835], [86.01625, 48.78225], [86.01575, 48.78275], [86.0159312, 48.7824312], [86.0155, 48.78125], [86.01025, 48.78], [86.0061203, 48.7777939], [86.0058668, 48.7777476], [86.0056252, 48.7778293], [86.0055589, 48.7781894], [86.005502, 48.7783575], [86.0053886, 48.7787892], [86.0052877, 48.7790825], [86.005, 48.77925], [86.0046789, 48.7792665], [86.0043295, 48.7792083], [86.0036164, 48.7790359], [86.00275, 48.77875], [86.0015451, 48.7779654], [86.0007556, 48.7772269], [85.9998769, 48.7765305], [85.9998018, 48.77632], [85.998747, 48.7759187], [85.996, 48.775], [85.994, 48.774], [85.9928163, 48.7730705], [85.9924456, 48.772806], [85.9913585, 48.7722324], [85.9892783, 48.7711987], [85.987927, 48.770499], [85.9849129, 48.7682441], [85.983154, 48.7667885], [85.9828205, 48.7662943], [85.9825142, 48.7659487], [85.97675, 48.7585], [85.97475, 48.75875], [85.97425, 48.7585], [85.97475, 48.75775], [85.97325, 48.758], [85.96975, 48.75675], [85.96875, 48.756], [85.967, 48.75325], [85.9650072, 48.7520985], [85.964, 48.752], [85.9629231, 48.7514101], [85.96225, 48.75125], [85.9594253, 48.7497205], [85.9590352, 48.7494655], [85.9585, 48.74925], [85.9555, 48.74725], [85.95175, 48.74675], [85.9511753, 48.7470381], [85.9507263, 48.7470935], [85.95025, 48.747], [85.9465, 48.74675], [85.941, 48.745], [85.939, 48.744], [85.93675, 48.74175], [85.9363764, 48.7411848], [85.934, 48.7375], [85.9305, 48.7355], [85.92225, 48.73475], [85.9205, 48.735], [85.919, 48.73425], [85.9165, 48.73425], [85.91575, 48.73325], [85.9135, 48.732], [85.91175, 48.73], [85.91125, 48.72875], [85.9115, 48.72625], [85.91025, 48.72475], [85.91025, 48.724], [85.90875, 48.7225], [85.90775, 48.71975], [85.907, 48.71925], [85.90725, 48.71875], [85.90675, 48.7185], [85.90475, 48.71525], [85.9025, 48.71425], [85.901, 48.71225], [85.898, 48.71025], [85.896, 48.70975], [85.8935, 48.70825], [85.8919057, 48.7047715], [85.89075, 48.70225], [85.8886781, 48.7009624], [85.8874641, 48.7003987], [85.88625, 48.69975], [85.8852211, 48.6990474], [85.88425, 48.6985], [85.8815, 48.69675], [85.8806642, 48.6963024], [85.88, 48.69575], [85.8790611, 48.6952616], [85.8773066, 48.6944672], [85.87675, 48.69425], [85.8757013, 48.6937149], [85.8747657, 48.6928948], [85.8737169, 48.6922243], [85.8715, 48.691], [85.86975, 48.689], [85.86725, 48.68775], [85.866, 48.68675], [85.8635, 48.684], [85.8485, 48.683], [85.8402285, 48.6768238], [85.8389896, 48.6763719], [85.8368895, 48.6763302], [85.8334269, 48.6758775], [85.832089, 48.6756138], [85.8310874, 48.6752482], [85.8302862, 48.6747466], [85.8293241, 48.6740182], [85.8262593, 48.6708269], [85.8233786, 48.6688701], [85.8230884, 48.6686974], [85.8215308, 48.6682747], [85.8206364, 48.6682344], [85.8199916, 48.6680386], [85.8171799, 48.6666586], [85.8156906, 48.6662106], [85.8156068, 48.6661854], [85.8148959, 48.66592], [85.8134813, 48.6653919], [85.8128313, 48.6653966], [85.8122634, 48.6653064], [85.8111295, 48.6654217], [85.8104832, 48.6653221], [85.8095567, 48.6653705], [85.806995, 48.664913], [85.8059091, 48.6646529], [85.8050473, 48.6646519], [85.8039533, 48.664417], [85.8032329, 48.6644289], [85.801128, 48.6638531], [85.798967, 48.662827], [85.7953231, 48.6603191], [85.7939837, 48.6595776], [85.7924289, 48.6590185], [85.79125, 48.659], [85.7871138, 48.6585132], [85.7848088, 48.6588682], [85.7825, 48.65875], [85.7792526, 48.6575284], [85.77775, 48.657], [85.7753137, 48.6558039], [85.7743242, 48.6555223], [85.773278, 48.6553996], [85.7723748, 48.6555036], [85.7718808, 48.6556771], [85.7715142, 48.6557104], [85.7695343, 48.6565693], [85.7682569, 48.6567154], [85.7672749, 48.6566502], [85.76625, 48.6565], [85.7645018, 48.6557296], [85.7635198, 48.655491], [85.7623838, 48.655114], [85.76, 48.65475], [85.758, 48.65375], [85.756, 48.65325], [85.753, 48.65325], [85.75, 48.654], [85.74925, 48.65475], [85.746, 48.65525], [85.74375, 48.655], [85.743, 48.6545], [85.73975, 48.65475], [85.73675, 48.65625], [85.73475, 48.65825], [85.73175, 48.66025], [85.72725, 48.66125], [85.72175, 48.66125], [85.72075, 48.66075], [85.71675, 48.66125], [85.71425, 48.66025], [85.71225, 48.66025], [85.7025, 48.66175], [85.6955, 48.66425], [85.692, 48.664], [85.69125, 48.6635], [85.688, 48.6635], [85.6825, 48.6645], [85.6795, 48.66425], [85.679, 48.66475], [85.67625, 48.66475], [85.6735, 48.66575], [85.6691364, 48.6682174], [85.6688811, 48.6683586], [85.6686524, 48.6684267], [85.6681934, 48.6686331], [85.6677223, 48.6689288], [85.6673361, 48.6690763], [85.6664199, 48.6693494], [85.6651646, 48.6696849], [85.664075, 48.6699029], [85.6628644, 48.670382], [85.6623214, 48.6705738], [85.661758, 48.6706351], [85.6604171, 48.6710094], [85.659174, 48.6713329], [85.6579225, 48.6717332], [85.6567887, 48.6720549], [85.6554404, 48.6725547], [85.653963, 48.6731239], [85.649, 48.67425], [85.64225, 48.6745], [85.6415, 48.674], [85.63875, 48.674], [85.638, 48.6735], [85.63725, 48.67375], [85.6365, 48.67325], [85.63375, 48.67325], [85.63125, 48.6725], [85.62275, 48.67275], [85.6195, 48.674], [85.619, 48.67475], [85.61475, 48.67575], [85.611, 48.6775], [85.60825, 48.6775], [85.60475, 48.6785], [85.603, 48.6785], [85.602, 48.678], [85.595, 48.6785], [85.59075, 48.68], [85.5883151, 48.6818373], [85.5876972, 48.6822907], [85.5869172, 48.6828698], [85.5856884, 48.6836524], [85.5850444, 48.6839241], [85.5843388, 48.6840981], [85.5826197, 48.6845222], [85.5818988, 48.684645], [85.5808529, 48.684656], [85.5796972, 48.6847278], [85.5789754, 48.6848291], [85.5781411, 48.6850533], [85.5766356, 48.6853965], [85.5730739, 48.6866058], [85.5725898, 48.6867966], [85.5713062, 48.6872243], [85.5698151, 48.6874191], [85.5684472, 48.6876709], [85.5675898, 48.6878454], [85.5661661, 48.6881064], [85.5644384, 48.688321], [85.5610432, 48.6886349], [85.5601914, 48.6887383], [85.5590217, 48.6889641], [85.5585694, 48.6890866], [85.5582332, 48.6891279], [85.5574842, 48.6892828], [85.55675, 48.6894493], [85.5560217, 48.689625], [85.5551456, 48.6898292], [85.5543109, 48.6900453], [85.552691, 48.6904819], [85.5518917, 48.6906461], [85.5515738, 48.6907377], [85.5502968, 48.6911182], [85.5496732, 48.6912586], [85.5490158, 48.6914208], [85.5485618, 48.6915057], [85.5472604, 48.6919312], [85.5465748, 48.6921198], [85.545534, 48.6922904], [85.5446551, 48.6923904], [85.5435813, 48.6925988], [85.5427385, 48.6927776], [85.5424412, 48.6929116], [85.5420132, 48.6929737], [85.5411072, 48.6933254], [85.5408349, 48.6933735], [85.5401679, 48.6934649], [85.5398554, 48.6935767], [85.5396125, 48.6937961], [85.5393292, 48.6939817], [85.538975, 48.6941193], [85.5385614, 48.6941543], [85.5380839, 48.6943662], [85.5377647, 48.694571], [85.5375973, 48.6947189], [85.5372315, 48.6948658], [85.5369004, 48.6949774], [85.5366855, 48.6949146], [85.53625, 48.695], [85.5352559, 48.6955462], [85.5348063, 48.6956605], [85.5343178, 48.6958221], [85.53325, 48.696], [85.5324445, 48.6963221], [85.53175, 48.69675], [85.5309606, 48.6975818], [85.531, 48.69775], [85.529, 48.6985], [85.5291679, 48.6987239], [85.5293812, 48.6988726], [85.5294596, 48.6989746], [85.5294789, 48.699256], [85.5292905, 48.6996594], [85.529213, 48.700006], [85.5293583, 48.7002335], [85.529153, 48.7009929], [85.5289796, 48.7014655], [85.5290217, 48.7016803], [85.5290704, 48.7019108], [85.5288772, 48.7024602], [85.5287593, 48.7043832], [85.5286874, 48.7048223], [85.5285589, 48.7052838], [85.5285, 48.70575], [85.5281783, 48.7076494], [85.5282452, 48.7079299], [85.52837, 48.7081799], [85.52825, 48.709], [85.5282284, 48.7094453], [85.5279608, 48.7149629], [85.5280296, 48.7152846], [85.5281169, 48.7154688], [85.528153, 48.7159501], [85.5281306, 48.7163924], [85.5280641, 48.7165129], [85.5281588, 48.7166827], [85.52825, 48.717], [85.5282887, 48.7173491], [85.5284571, 48.71775], [85.5290172, 48.7193724], [85.5290662, 48.7195815], [85.52925, 48.72], [85.5296373, 48.7204022], [85.5297109, 48.720931], [85.5301233, 48.7219533], [85.5302072, 48.7223362], [85.5305226, 48.7228701], [85.5307578, 48.7231057], [85.5309563, 48.7238516], [85.5309666, 48.7238824], [85.5309946, 48.7239658], [85.531087, 48.7240926], [85.531325, 48.7243576], [85.5317386, 48.7258529], [85.5318423, 48.7261451], [85.532, 48.7265], [85.5321191, 48.7268845], [85.5321373, 48.7273961], [85.5323101, 48.7280602], [85.5324309, 48.7285979], [85.5324183, 48.7291087], [85.5324764, 48.729583], [85.532556, 48.7296953], [85.5327131, 48.729819], [85.5327507, 48.7299394], [85.5327153, 48.7302013], [85.5327103, 48.7305166], [85.532735, 48.7311], [85.5328245, 48.7321372], [85.5327822, 48.7326533], [85.5327914, 48.7336157], [85.5327726, 48.7346203], [85.5328259, 48.7350525], [85.533, 48.7365], [85.533139, 48.7369321], [85.53325, 48.7375], [85.5334286, 48.7385339], [85.5337757, 48.7398646], [85.5339118, 48.740865], [85.534, 48.74175], [85.5343164, 48.7432284], [85.5346901, 48.7442885], [85.535199, 48.745], [85.5352595, 48.745337], [85.5353584, 48.7454632], [85.5356327, 48.7458484], [85.5357377, 48.7459815], [85.5360616, 48.7462475], [85.5362444, 48.746545], [85.5365515, 48.7467246], [85.5367272, 48.7468622], [85.5367509, 48.7469795], [85.5367807, 48.7470329], [85.5368428, 48.7470415], [85.5368968, 48.747016], [85.53699, 48.747142], [85.5372222, 48.7473116], [85.5377246, 48.7476806], [85.5377585, 48.7477554], [85.5385215, 48.7482465], [85.5389459, 48.7484475], [85.5392619, 48.7486047], [85.5406336, 48.7491447], [85.540915, 48.7492502], [85.5409641, 48.7493332], [85.5410798, 48.7493752], [85.5412038, 48.7493656], [85.5413366, 48.749388], [85.5461144, 48.75138], [85.5467288, 48.7517793], [85.5473486, 48.7522256], [85.5494102, 48.7531362], [85.5521778, 48.7536481], [85.554037, 48.754055], [85.5552711, 48.7542763], [85.5573228, 48.7546264], [85.5595223, 48.7554802], [85.5601398, 48.7559642], [85.5605, 48.7561381], [85.5609261, 48.7564472], [85.5612535, 48.7571056], [85.5616053, 48.7578125], [85.56275, 48.761], [85.5629542, 48.7614125], [85.5631888, 48.7619426], [85.5634665, 48.7622256], [85.5640986, 48.7641038], [85.5643028, 48.7646219], [85.564534, 48.7650262], [85.5665, 48.7695], [85.56725, 48.77075], [85.5695, 48.773], [85.5725, 48.775], [85.5755081, 48.7768512], [85.5757593, 48.7769077], [85.5768247, 48.777357], [85.5777874, 48.7778646], [85.5782011, 48.7781539], [85.5835, 48.7815], [85.5848298, 48.7819844], [85.5852374, 48.7821174], [85.5861099, 48.7821099], [85.5873736, 48.7830185], [85.5878643, 48.7832054], [85.5883684, 48.7834111], [85.5888154, 48.7837131], [85.5891952, 48.7838438], [85.5895895, 48.7838144], [85.5896791, 48.7839181], [85.5900851, 48.7841231], [85.591028, 48.7845085], [85.5917266, 48.7849442], [85.5936569, 48.7863725], [85.5942874, 48.7869754], [85.5949626, 48.78756], [85.5955, 48.788], [85.5973017, 48.7891292], [85.5976846, 48.7895246], [85.5984533, 48.7901988], [85.59925, 48.79075], [85.6002198, 48.7913384], [85.6012874, 48.7919569], [85.6019533, 48.7923261], [85.6035157, 48.7932683], [85.60725, 48.79575], [85.6101849, 48.7964158], [85.610671, 48.7964972], [85.6109203, 48.7965192], [85.6110008, 48.7965003], [85.6110424, 48.7965153], [85.6111397, 48.7965504], [85.6112616, 48.7966599], [85.6114613, 48.7966884], [85.611566, 48.7966856], [85.6117402, 48.7967651], [85.6118234, 48.7968682], [85.6119163, 48.7968984], [85.6120698, 48.7969314], [85.6125354, 48.7971101], [85.6132925, 48.7971259], [85.6139646, 48.7973694], [85.6168485, 48.7977487], [85.6177277, 48.7979345], [85.6232971, 48.7985754], [85.6238334, 48.7987839], [85.6241944, 48.7988508], [85.6255488, 48.7991482], [85.6282581, 48.7995124], [85.63425, 48.80075], [85.635927, 48.8007364], [85.6370825, 48.8007866], [85.6382426, 48.8009153], [85.6399895, 48.8010088], [85.6409166, 48.8011169], [85.6422476, 48.8011708], [85.6430934, 48.8012724], [85.643234, 48.8012787], [85.6448591, 48.8013515], [85.6453116, 48.8013636], [85.6465546, 48.8016434], [85.64925, 48.80225], [85.65475, 48.80225], [85.6554472, 48.8021721], [85.656, 48.80225], [85.6566041, 48.8021932], [85.6590197, 48.801974], [85.6597085, 48.8019451], [85.6598371, 48.8020873], [85.6599984, 48.8021951], [85.660137, 48.8021932], [85.6609564, 48.8020117], [85.6614561, 48.8020384], [85.6619815, 48.8020491], [85.6623459, 48.8019732], [85.6624904, 48.8019991], [85.6628622, 48.8020492], [85.6632509, 48.8021044], [85.6636048, 48.8020653], [85.6642496, 48.8019956], [85.6649395, 48.801915], [85.6650158, 48.8019529], [85.6652425, 48.8019584], [85.665347, 48.8019312], [85.66538, 48.8019325], [85.6656505, 48.8018897], [85.6659351, 48.8018196], [85.6660514, 48.8017732], [85.6661293, 48.8017421], [85.6666022, 48.8016617], [85.6670563, 48.8016201], [85.6675083, 48.8016459], [85.6676831, 48.8016745], [85.6678327, 48.8017374], [85.6680166, 48.8017597], [85.6681647, 48.8017381], [85.6683447, 48.801696], [85.6685987, 48.8015872], [85.6688981, 48.8015386], [85.669169, 48.8015274], [85.6695858, 48.8015203], [85.6701722, 48.8015444], [85.6705532, 48.8015598], [85.6708587, 48.8016009], [85.671467, 48.8016033], [85.6719531, 48.801595], [85.672199, 48.8016042], [85.6723431, 48.8016581], [85.6725861, 48.8016848], [85.6729691, 48.8017146], [85.6734414, 48.8017557], [85.6741551, 48.8017613], [85.6764738, 48.8020764], [85.6823713, 48.8026767], [85.6836143, 48.8030389], [85.6844417, 48.8033748], [85.6848036, 48.8036625], [85.6866521, 48.805177], [85.6873101, 48.8058277], [85.6876856, 48.8063277], [85.6891088, 48.8078498], [85.6899042, 48.8087032], [85.6902893, 48.8090773], [85.6910107, 48.8094293], [85.6912103, 48.8097049], [85.6918148, 48.8105032], [85.69275, 48.8115141], [85.6942524, 48.8129468], [85.6950751, 48.813644], [85.695911, 48.814151], [85.6963272, 48.8144401], [85.69875, 48.8155], [85.6999775, 48.8159973], [85.7015858, 48.8166511], [85.7020671, 48.8167709], [85.7050249, 48.8175073], [85.705764, 48.8179478], [85.7080392, 48.8193087], [85.7092522, 48.8201256], [85.7114332, 48.8218598], [85.71275, 48.82275], [85.7157204, 48.8237401], [85.7165, 48.8239223], [85.7170719, 48.8240212], [85.7191848, 48.8243322], [85.71925, 48.8243418]]]}}, {"type": "Feature", "properties": {"id": 0.5852980193807935, "osm_id": 27167084, "name_kz": "канал Иртыш-Караганда", "name_ru": "канал Иртыш-Караганда", "name_en": "", "object_type": "lake"}, "geometry": {"type": "LineString", "coordinates": [[76.9902157, 51.9934627], [76.9878117, 51.993281], [76.9852556, 51.9931533], [76.9827211, 51.9930916], [76.891061, 51.9906643], [76.7546879, 51.9881686], [76.5174852, 51.9832681], [76.3139593, 51.9690226], [76.1124433, 51.9712476], [76.110547, 51.9712267], [76.1085443, 51.971105], [76.0877254, 51.9689737], [76.0867955, 51.9689161], [76.0862543, 51.9689706], [76.0854677, 51.9691332], [76.0848964, 51.9693435], [76.0845077, 51.9695435], [76.0840452, 51.9698739], [76.0820381, 51.971742]]}}, {"type": "Feature", "properties": {"id": 0.7768939601601086, "osm_id": 31623157, "name_kz": "Ертіс", "name_ru": "Чёрный Иртыш", "name_en": "", "object_type": "river"}, "geometry": {"type": "LineString", "coordinates": [[84.9036474, 47.8981261], [84.9038218, 47.8960214], [84.9023121, 47.8937244], [84.8988281, 47.892167], [84.8917441, 47.8921281], [84.8812342, 47.8944641], [84.8779825, 47.8942305], [84.8736223, 47.8935319], [84.8694275, 47.8910709], [84.8668206, 47.8873614], [84.8679145, 47.8804787], [84.8684968, 47.8788678], [84.8713353, 47.8762805], [84.8725726, 47.8748648], [84.8731549, 47.8725703], [84.8725726, 47.8706662], [84.870098, 47.8688597], [84.8664589, 47.867932], [84.8635476, 47.8678344], [84.8602724, 47.8682738], [84.85838, 47.8692503], [84.8569244, 47.871008], [84.8559054, 47.8740349], [84.8554687, 47.8761829], [84.8538675, 47.8774521], [84.8516113, 47.8778915], [84.8497917, 47.8776474], [84.8476082, 47.8761341], [84.8416401, 47.8745231], [84.8323967, 47.8692991], [84.827247, 47.8682805], [84.8212335, 47.8684084], [84.8162414, 47.8673783], [84.8092677, 47.8675732], [84.8011827, 47.864665], [84.7972184, 47.8619847], [84.790981, 47.8598709], [84.786333, 47.859437]]}}, {"type": "Feature", "properties": {"id": 0.9730286198552878, "osm_id": 38770930, "name_kz": "озеро Шуракша", "name_ru": "озеро Шуракша", "name_en": "", "object_type": "lake"}, "geometry": {"type": "Polygon", "coordinates": [[[81.6490674, 52.4005543], [81.6481269, 52.3995746], [81.6469768, 52.3985452], [81.6465175, 52.3984159], [81.6459006, 52.3983341], [81.6448411, 52.3981451], [81.6435456, 52.398069], [81.6434276, 52.3978529], [81.6433793, 52.3977547], [81.6432667, 52.3976893], [81.643154, 52.3975878], [81.642977, 52.3975256], [81.6427303, 52.3975616], [81.6424889, 52.39765], [81.6422689, 52.3977907], [81.6423547, 52.3980297], [81.6425157, 52.3981934], [81.6418219, 52.3983279], [81.6414267, 52.3982392], [81.6410727, 52.3980984], [81.6405738, 52.398069], [81.6395734, 52.3986261], [81.6381705, 52.3994568], [81.6371117, 52.4005248], [81.6368238, 52.4016842], [81.6376839, 52.4021714], [81.6375981, 52.4040362], [81.6379223, 52.405223], [81.6399488, 52.407745], [81.6409215, 52.4093768], [81.6415689, 52.4097847], [81.642236, 52.4101207], [81.6430494, 52.4105504], [81.6438708, 52.4108091], [81.6449745, 52.4105636], [81.6472442, 52.410168], [81.6476038, 52.4101676], [81.6480866, 52.4100989], [81.6489986, 52.4099336], [81.6487947, 52.410094], [81.64882, 52.4102876], [81.6492829, 52.410431], [81.6496751, 52.4106189], [81.6499427, 52.4105586], [81.6502968, 52.4104179], [81.6503826, 52.410305], [81.6502807, 52.4102314], [81.6505435, 52.4101692], [81.6507089, 52.4099971], [81.6510478, 52.4097536], [81.6511926, 52.4097765], [81.6513965, 52.4096898], [81.6515628, 52.4095606], [81.6515842, 52.4094706], [81.6515333, 52.4093929], [81.6517183, 52.409001], [81.6516754, 52.4088439], [81.6514448, 52.4089094], [81.6511175, 52.4089257], [81.6514658, 52.4087936], [81.6532426, 52.4078934], [81.6541726, 52.4073574], [81.6547948, 52.4069843], [81.6549853, 52.4068968], [81.6551355, 52.40695], [81.6551958, 52.4070449], [81.6551958, 52.4072109], [81.6551301, 52.4073484], [81.6551623, 52.4074016], [81.6551274, 52.407494], [81.6550684, 52.4075603], [81.6550724, 52.4076331], [81.6551834, 52.4077699], [81.6552884, 52.4076298], [81.6553098, 52.4075341], [81.655283, 52.4074564], [81.6552723, 52.4074286], [81.6551985, 52.4074343], [81.6552159, 52.407368], [81.655287, 52.4071209], [81.6553709, 52.4069949], [81.6554426, 52.4069622], [81.655456, 52.4069197], [81.6554292, 52.4068117], [81.6553715, 52.4067274], [81.6552776, 52.4066759], [81.6551797, 52.4066661], [81.6550483, 52.4066922], [81.6550349, 52.4065761], [81.6550966, 52.4064885], [81.6553004, 52.4064934], [81.6554587, 52.4064607], [81.6555338, 52.4063331], [81.6555552, 52.4062463], [81.6555177, 52.4061678], [81.6553031, 52.4060713], [81.6552253, 52.4059878], [81.6550969, 52.4059406], [81.6548431, 52.405348], [81.6542569, 52.40472], [81.6539419, 52.4043793], [81.6533625, 52.4041175], [81.6527349, 52.4040586], [81.6523498, 52.4040565], [81.652055, 52.4038213], [81.6519249, 52.4035284], [81.6518661, 52.4028697], [81.6517532, 52.4021145], [81.6516513, 52.4018527], [81.6512811, 52.4016825], [81.6506248, 52.4016099], [81.6499508, 52.4010279], [81.6490674, 52.4005543]]]}}, {"type": "Feature", "properties": {"id": 0.5411017334407171, "osm_id": 40261041, "name_kz": "Шушқала көлі", "name_ru": "озеро Шушкала", "name_en": "", "object_type": "lake"}, "geometry": {"type": "Polygon", "coordinates": [[[78.7502482, 51.2605256], [78.7506237, 51.2599348], [78.7513532, 51.2593574], [78.7534346, 51.2601631], [78.7552156, 51.2604652], [78.7559344, 51.2607203], [78.7570395, 51.2608076], [78.7582304, 51.2609083], [78.7590244, 51.2610426], [78.7602153, 51.2609956], [78.7622645, 51.2613111], [78.7625971, 51.2616065], [78.7639274, 51.2616535], [78.7659337, 51.2618012], [78.7677254, 51.2618281], [78.7681975, 51.2617005], [78.7699141, 51.2616334], [78.7717917, 51.2615797], [78.7727036, 51.2617677], [78.7746563, 51.2619154], [78.7754609, 51.2618952], [78.7756862, 51.2617677], [78.776963, 51.2617341], [78.7772312, 51.2618147], [78.7790122, 51.2619758], [78.78001, 51.2618818], [78.7814476, 51.2613984], [78.7819948, 51.2610896], [78.7830999, 51.260821], [78.783808, 51.2608076], [78.7849667, 51.2605122], [78.785074, 51.2599684], [78.7856211, 51.2596327], [78.7859859, 51.2596528], [78.7861683, 51.2596192], [78.7868013, 51.2588874], [78.7871983, 51.2586658], [78.7877025, 51.2582093], [78.7883248, 51.2579273], [78.7887754, 51.2575378], [78.7893119, 51.2546909], [78.7895157, 51.2522802], [78.7894928, 51.2511851], [78.7894191, 51.2500843], [78.7888505, 51.2480898], [78.7877025, 51.2460549], [78.785825, 51.2439662], [78.7836148, 51.2425154], [78.7821665, 51.2424483], [78.7812009, 51.2421998], [78.7798641, 51.2419332], [78.7784543, 51.2419042], [78.7773385, 51.242099], [78.7746563, 51.2423207], [78.7727573, 51.2426162], [78.7722423, 51.2427505], [78.7713732, 51.2427371], [78.768691, 51.2431266], [78.7683263, 51.2433416], [78.7676933, 51.2433483], [78.7659123, 51.2438184], [78.7636807, 51.2441207], [78.7623396, 51.2439326], [78.7610736, 51.2440468], [78.7580158, 51.2451012], [78.7564387, 51.2453833], [78.7540354, 51.2461624], [78.7528982, 51.2467668], [78.7519755, 51.2473578], [78.7510099, 51.2486271], [78.7499799, 51.2496478], [78.7490465, 51.2504], [78.7483921, 51.2512729], [78.748435, 51.2519042], [78.7489392, 51.2535897], [78.748832, 51.2544223], [78.7482204, 51.2556108], [78.7480595, 51.2564904], [78.7482419, 51.2574438], [78.7488212, 51.2583301], [78.7498834, 51.2590015], [78.7507524, 51.2591963], [78.7496688, 51.2607472], [78.7499478, 51.2607069], [78.7502482, 51.2605256]]]}}, {"type": "Feature", "properties": {"id": 0.7247781850831396, "osm_id": 41105899, "name_kz": "Шұңқырсор көлі", "name_ru": "озеро Шункырсор", "name_en": "", "object_type": "lake"}, "geometry": {"type": "Polygon", "coordinates": [[[80.4495663, 51.1973539], [80.4501093, 51.1950712], [80.4492759, 51.1936397], [80.4483116, 51.1925413], [80.4455993, 51.1910588], [80.4428239, 51.1904065], [80.4409316, 51.190703], [80.4377146, 51.1905054], [80.4364215, 51.1902879], [80.4320376, 51.1917111], [80.43106, 51.1917704], [80.4300507, 51.1926203], [80.4286946, 51.1931342], [80.4281899, 51.1941818], [80.4283161, 51.1959013], [80.4290415, 51.197344], [80.4314384, 51.19851], [80.4404585, 51.200427], [80.4426977, 51.2006048], [80.4443032, 51.2004283], [80.4467031, 51.199261], [80.4495663, 51.1973539]]]}}, {"type": "Feature", "properties": {"id": 0.9212920483394569, "osm_id": 42749270, "name_kz": "Старая протока Иртыша", "name_ru": "Старая протока Иртыша", "name_en": "", "object_type": "river"}, "geometry": {"type": "LineString", "coordinates": [[80.1861851, 50.4550307], [80.1861174, 50.4522812], [80.1856656, 50.4505249], [80.1849896, 50.4491017], [80.1827039, 50.4471022], [80.1802098, 50.4449202], [80.1787765, 50.4438714], [80.1763911, 50.4421257], [80.1734397, 50.4408952], [80.1714222, 50.4401643], [80.1708992, 50.4398319], [80.1701403, 50.4395679], [80.1689227, 50.4393541], [80.1680969, 50.4399241], [80.1667242, 50.4394379], [80.1636886, 50.4382206], [80.1625412, 50.4380556], [80.1600975, 50.4383932], [80.1591704, 50.4385061], [80.1584916, 50.4387952], [80.1583663, 50.4391142], [80.1571702, 50.4392708], [80.1555797, 50.439451], [80.1543713, 50.4396625], [80.1532985, 50.4399762], [80.1529455, 50.4400369], [80.1526173, 50.4400349], [80.15248, 50.4398523], [80.1522934, 50.439756], [80.151843, 50.4397243], [80.1513008, 50.4398752], [80.1502442, 50.4409547], [80.1492381, 50.4420981], [80.1483911, 50.443381], [80.1485303, 50.4446414], [80.1482585, 50.4453546], [80.1479684, 50.4462847], [80.1470604, 50.4471404], [80.146931, 50.4472624], [80.1471374, 50.4481864], [80.1471794, 50.4490457], [80.148081, 50.4540963], [80.1497557, 50.4556532], [80.1510282, 50.4568362]]}}, {"type": "Feature", "properties": {"id": 0.5597292022295846, "osm_id": 42749302, "name_kz": "Ескі Ертіс арнасы", "name_ru": "протока Старый Иртыш", "name_en": "", "object_type": "river"}, "geometry": {"type": "LineString", "coordinates": [[80.0799569, 50.4707598], [80.0799891, 50.4698728], [80.0804934, 50.4684698], [80.0803813, 50.467376], [80.0798023, 50.4664128], [80.0787188, 50.4656043], [80.0774299, 50.4652595], [80.07573, 50.4651881], [80.0746801, 50.4653943], [80.0739741, 50.465533], [80.0724423, 50.4662464], [80.07106, 50.4668647], [80.0699766, 50.4677683], [80.069112, 50.4690182], [80.0686503, 50.4701582], [80.0687624, 50.4708596], [80.0689305, 50.4716205], [80.0688685, 50.4725412], [80.0684295, 50.4739901], [80.0677388, 50.4754642], [80.0675676, 50.4760704], [80.0669334, 50.476474], [80.0659251, 50.4768051], [80.0650307, 50.4770432], [80.0639249, 50.4771156], [80.0632257, 50.476712], [80.062689, 50.4764843], [80.0621686, 50.4765361], [80.0615507, 50.4767534], [80.0610791, 50.4770121], [80.0595667, 50.4774778], [80.0590626, 50.4777469], [80.058526, 50.47784], [80.0581357, 50.4778193], [80.0575177, 50.4781298], [80.0570462, 50.4781919], [80.056851, 50.4780677], [80.0563469, 50.4782333], [80.0548671, 50.4792267], [80.0528343, 50.4809859], [80.0515171, 50.4828589], [80.0514033, 50.4834073], [80.0514987, 50.4837513], [80.0515496, 50.483935], [80.051496, 50.4840813], [80.0514358, 50.4842454], [80.0512651, 50.484649], [80.0512976, 50.4849387], [80.0515614, 50.4852631], [80.0515313, 50.4854715], [80.0513278, 50.4856362]]}}, {"type": "Feature", "properties": {"id": 0.1696010008334452, "osm_id": 42750101, "name_kz": "Ертіс арнасы", "name_ru": "протока Иртыша", "name_en": "", "object_type": "river"}, "geometry": {"type": "LineString", "coordinates": [[80.2537563, 50.390903], [80.2549481, 50.3921962], [80.2551895, 50.3933675], [80.2545304, 50.3938506], [80.2541044, 50.3943312], [80.2537635, 50.3945804], [80.2534755, 50.3947656], [80.2524659, 50.3953888], [80.2522906, 50.3954855], [80.2521378, 50.3955523], [80.2521177, 50.3955622], [80.2512819, 50.3959317], [80.2506149, 50.3961968], [80.2502849, 50.3962529], [80.2497883, 50.3963307], [80.2490784, 50.396381], [80.2471329, 50.3964315]]}}, {"type": "Feature", "properties": {"id": 0.7291927479903038, "osm_id": 52450219, "name_kz": "озеро Шубино", "name_ru": "озеро Шубино", "name_en": "", "object_type": "lake"}, "geometry": {"type": "Polygon", "coordinates": [[[78.2072246, 55.3227725], [78.2072246, 55.3212725], [78.2064746, 55.3192725], [78.2062246, 55.3187725], [78.2047246, 55.3185225], [78.2039746, 55.3180225], [78.2032246, 55.3175225], [78.1977246, 55.3170225], [78.1974746, 55.3167725], [78.1969746, 55.3165225], [78.1947246, 55.3165225], [78.1942246, 55.3165225], [78.1939746, 55.3162725], [78.1937246, 55.3160225], [78.1917246, 55.3162725], [78.1894746, 55.3160225], [78.1887246, 55.3160225], [78.1804746, 55.3140225], [78.1799746, 55.3137725], [78.1734746, 55.3142725], [78.1727246, 55.3150225], [78.1732246, 55.3162725], [78.1717246, 55.3177725], [78.1714746, 55.3180225], [78.1722246, 55.3195225], [78.1724746, 55.3197725], [78.1779746, 55.3220225], [78.1839746, 55.3237725], [78.1844746, 55.3237725], [78.1909746, 55.3272725], [78.1917246, 55.3275225], [78.1949746, 55.3272725], [78.1962246, 55.3277725], [78.1994746, 55.3277725], [78.2004746, 55.3277725], [78.2042246, 55.3262725], [78.2059746, 55.3245225], [78.2072246, 55.3227725]]]}}, {"type": "Feature", "properties": {"id": 0.1683769599750693, "osm_id": 115594336, "name_kz": "Шумиха", "name_ru": "Шумиха", "name_en": "", "object_type": "river"}, "geometry": {"type": "LineString", "coordinates": [[86.3047063, 55.1505192], [86.3049249, 55.1504958], [86.3051017, 55.1504532], [86.3052415, 55.1503999], [86.3062269, 55.1498411], [86.3064837, 55.1497532], [86.3067815, 55.1497213], [86.3070143, 55.1497265], [86.307316, 55.1497533], [86.3076328, 55.1498328], [86.3077836, 55.1499163], [86.3080542, 55.1501187], [86.3082036, 55.1502738], [86.3083098, 55.1504867], [86.3084023, 55.1507808], [86.3085043, 55.1508375], [86.3086043, 55.1508483], [86.3088894, 55.1507782], [86.308908, 55.1507493], [86.3089053, 55.150692], [86.3089684, 55.1506381], [86.3090638, 55.1506262], [86.3091341, 55.1506514], [86.3091688, 55.1506929], [86.3092488, 55.1507626], [86.3093431, 55.1508609], [86.3094106, 55.1508783], [86.3097912, 55.1508253], [86.3098416, 55.1507973], [86.3098564, 55.1507448], [86.309889, 55.1505859], [86.3099216, 55.1505187], [86.310026, 55.1504381], [86.3104042, 55.1502605], [86.310509, 55.1502559], [86.3106806, 55.150308], [86.3108987, 55.1503125], [86.3110317, 55.1503601], [86.3116573, 55.1503702], [86.3119634, 55.1504425], [86.3122011, 55.150441], [86.3122884, 55.1504324], [86.313815, 55.1501141], [86.3139953, 55.1500876], [86.314113, 55.150097], [86.3141947, 55.1501829], [86.314208, 55.1505722], [86.3142812, 55.1506872], [86.3144866, 55.1507473], [86.3151948, 55.150765], [86.3160732, 55.1510461], [86.31626, 55.1511077], [86.3163987, 55.1511143], [86.3171859, 55.1509185], [86.3176674, 55.1506645], [86.3178249, 55.1500136], [86.3179612, 55.149967], [86.318362, 55.1499342], [86.3184782, 55.1498968], [86.3186365, 55.1497324], [86.318718, 55.1495298], [86.3186355, 55.1493444], [86.318541, 55.1492277], [86.3185076, 55.1490412], [86.318575, 55.1489761], [86.3186809, 55.1489401], [86.318878, 55.1489461], [86.3191954, 55.1490346], [86.3197511, 55.1488123], [86.3197696, 55.148336], [86.3195486, 55.1480814]]}}, {"type": "Feature", "properties": {"id": 0.7693596499287385, "osm_id": 190397686, "name_kz": "Шұбаркөл", "name_ru": "Шубарколь", "name_en": "", "object_type": "lake"}, "geometry": {"type": "Polygon", "coordinates": [[[76.3779405, 49.7590985], [76.3722992, 49.7556071], [76.3698876, 49.7553845], [76.3695646, 49.7549254], [76.3687895, 49.7545638], [76.3682943, 49.7529779], [76.3709642, 49.7514755], [76.3751844, 49.7513085], [76.3785433, 49.751392], [76.3799214, 49.7523658], [76.3806104, 49.7537291], [76.3815421, 49.7555423], [76.3816282, 49.7564604], [76.3811976, 49.7571142], [76.380121, 49.7573924], [76.3801425, 49.7576706], [76.3814129, 49.7580739], [76.3815421, 49.7586303], [76.3804655, 49.7593397], [76.3798411, 49.7592145], [76.3789368, 49.7594927], [76.3786569, 49.7592006], [76.3779405, 49.7590985]]]}}, {"type": "Feature", "properties": {"id": 0.08411678541815393, "osm_id": 211283885, "name_kz": "Шубинка", "name_ru": "Шубинка", "name_en": "", "object_type": "river"}, "geometry": {"type": "LineString", "coordinates": [[85.191856, 52.7717056], [85.1918748, 52.7716731], [85.1919016, 52.771605], [85.191907, 52.771566], [85.1919097, 52.7714979], [85.1918989, 52.7714638], [85.1918748, 52.7714314], [85.1918399, 52.7714054], [85.1917943, 52.7713843], [85.1916924, 52.7713518], [85.1915798, 52.7713259], [85.1915181, 52.7713145], [85.191392, 52.7713032], [85.1912633, 52.7712886], [85.1911533, 52.7712642], [85.1910996, 52.771248], [85.1910058, 52.7712123], [85.1906678, 52.7710322], [85.1906356, 52.7710062], [85.1905793, 52.7709478], [85.1904801, 52.7708602], [85.1904398, 52.7708391], [85.1903325, 52.7708001], [85.1901743, 52.7707595], [85.190008, 52.7707222], [85.1898122, 52.7706557], [85.1896352, 52.7706038], [85.1895225, 52.770581], [85.1894045, 52.7705681], [85.1892757, 52.7705681], [85.1891631, 52.7705648], [85.1889163, 52.7705778], [85.1887929, 52.770594], [85.1886374, 52.770633], [85.1885515, 52.7706784], [85.188396, 52.7707953], [85.1883531, 52.7708634], [85.188337, 52.7709316], [85.1883799, 52.771003], [85.1884389, 52.7710646], [85.1886481, 52.7712204], [85.1887071, 52.7712983], [85.1887178, 52.7713697], [85.1886964, 52.7714411], [85.1886481, 52.7715774], [85.1885837, 52.7716942], [85.1885301, 52.7717559], [85.1884443, 52.7718078], [85.1883584, 52.77185], [85.1882672, 52.771889], [85.1881546, 52.7719149], [85.1880419, 52.7719214], [85.1879185, 52.7719247], [85.187822, 52.7718987], [85.1877469, 52.7718435], [85.187704, 52.7717851], [85.1876825, 52.7717202], [85.187704, 52.7716553], [85.1877898, 52.7714573], [85.1878005, 52.7713892], [85.1877952, 52.771321], [85.1877576, 52.7712464], [85.187704, 52.771188], [85.1876342, 52.771136], [85.1875269, 52.7711068], [85.1871675, 52.7710971], [85.1869315, 52.7710711], [85.1868188, 52.7710452], [85.1867223, 52.7710159], [85.1865184, 52.7709445], [85.1856601, 52.7705518], [85.1854831, 52.7704545], [85.185231, 52.7702857], [85.1851773, 52.7702305], [85.1850915, 52.7701072], [85.1850539, 52.7700455], [85.1849627, 52.7699222], [85.184952, 52.7698573], [85.1849735, 52.7697956], [85.1850593, 52.7697502], [85.185172, 52.7697632], [85.1852632, 52.7697989], [85.185349, 52.7698411], [85.1854509, 52.7698703], [85.1855636, 52.7698897], [85.1856708, 52.7698962], [85.1857781, 52.7698962], [85.1858747, 52.7698573], [85.1859015, 52.7697956], [85.1857567, 52.7696853], [85.1856977, 52.7696333], [85.185644, 52.7695717], [85.1856118, 52.7695068], [85.1856065, 52.7694386], [85.1855689, 52.7693705], [85.1855206, 52.769312], [85.1854402, 52.7692601], [85.1853543, 52.7692212], [85.1852739, 52.7691725], [85.1849574, 52.7690199], [85.1846731, 52.7688576], [85.1845872, 52.7688155], [85.1845014, 52.7687668], [85.1844156, 52.7687083], [85.1843083, 52.7686272], [85.184201, 52.7685104], [85.1841044, 52.7684195], [85.1839864, 52.7682929], [85.1838899, 52.7681825], [85.1838469, 52.7681209], [85.1837826, 52.7680105], [85.1837611, 52.7679489], [85.183745, 52.7677411], [85.1837182, 52.7676762], [85.1836216, 52.7676308], [85.183509, 52.7676145], [85.1833963, 52.7676178], [85.183289, 52.767647], [85.1830959, 52.7677249], [85.182994, 52.7677606], [85.1828867, 52.7677768], [85.1827633, 52.7677898], [85.182656, 52.7677898], [85.1825327, 52.7677833], [85.1823986, 52.7677866], [85.1822805, 52.7678028], [85.1822001, 52.7678547], [85.1821572, 52.7679164], [85.1821732, 52.7680592], [85.1821411, 52.7681306], [85.1820928, 52.7681923], [85.1820284, 52.7682572], [85.181964, 52.7683156], [85.1818889, 52.7683675], [85.1814222, 52.7686207], [85.1812398, 52.7686759], [85.1810682, 52.7686921], [85.1809287, 52.7686986], [85.1808107, 52.7687019], [85.1804727, 52.7686986], [85.180226, 52.7686759], [85.1799577, 52.7686726], [85.179829, 52.7686662], [85.1795983, 52.7686662], [85.1794857, 52.7686629], [85.1793677, 52.7686499], [85.179255, 52.7686337], [85.179137, 52.768611], [85.1790243, 52.768585], [85.1788151, 52.7685298], [85.1787186, 52.7684974], [85.1786166, 52.7684714], [85.1785254, 52.768439], [85.1784342, 52.7683968], [85.1783645, 52.7683383], [85.1783699, 52.7682702], [85.1784342, 52.768215], [85.1784986, 52.7681663], [85.1785576, 52.7681111], [85.1785684, 52.7680462], [85.1785415, 52.7679716], [85.1784933, 52.7679132], [85.1783484, 52.7678093], [85.178225, 52.7676989], [85.178166, 52.7676405], [85.1781177, 52.7675821], [85.1780909, 52.7675204], [85.1780748, 52.7674555], [85.1780695, 52.7673906], [85.1781151, 52.7671131], [85.1781151, 52.7670693], [85.1781285, 52.7670189], [85.1781687, 52.7669524], [85.1782116, 52.7669037], [85.1782519, 52.7668745], [85.1783323, 52.7668242], [85.1783618, 52.766795], [85.1784477, 52.7667301], [85.1785362, 52.7666798], [85.1785791, 52.7666619], [85.1786301, 52.7666457], [85.1786864, 52.7666424], [85.1787722, 52.7666424], [85.1788259, 52.7666538], [85.1789063, 52.7667025], [85.1789573, 52.7667187], [85.179019, 52.7667203], [85.179078, 52.7667106], [85.1791263, 52.7666879], [85.1791745, 52.7666652], [85.1792121, 52.7666408], [85.1792979, 52.7665548], [85.1793838, 52.7663941], [85.179491, 52.7661426], [85.1795098, 52.7660744], [85.1795098, 52.7660079], [85.1795018, 52.7659024], [85.1794803, 52.7658342], [85.1794401, 52.7657644], [85.1793247, 52.765646], [85.1792845, 52.76562], [85.1792416, 52.7655989], [85.1788339, 52.765435], [85.1787829, 52.7654187], [85.1786086, 52.7653798], [85.1784906, 52.7653619], [85.1784396, 52.765349], [85.178394, 52.7653295], [85.1782626, 52.76525], [85.1782384, 52.7652207], [85.1782277, 52.7650779], [85.1782384, 52.7650471], [85.1782653, 52.765013], [85.1783028, 52.764987], [85.1783565, 52.7649757], [85.1785147, 52.7649741], [85.1786649, 52.7650163], [85.1787212, 52.7650195], [85.1787776, 52.7650146], [85.1788259, 52.7650016], [85.1788688, 52.7649789], [85.1789331, 52.7649237], [85.1789707, 52.7648604], [85.1790243, 52.7647939], [85.1790565, 52.7647647], [85.1791745, 52.7646803], [85.1792631, 52.76463], [85.1793516, 52.7645829], [85.1793998, 52.7645618], [85.1794481, 52.7645391], [85.1795527, 52.7644969], [85.1796573, 52.7644693], [85.1797163, 52.7644612], [85.179829, 52.7644596], [85.1799577, 52.7644661], [85.1800114, 52.7644726], [85.1800516, 52.7644937], [85.1801267, 52.7645472], [85.180344, 52.7646462], [85.1803789, 52.7646738], [85.1804191, 52.7646982], [85.1805183, 52.7647371], [85.1805693, 52.7647517], [85.1806203, 52.7647614], [85.1806793, 52.7647614], [85.1808375, 52.7647241], [85.1808804, 52.7647014], [85.1809716, 52.7646608], [85.1810575, 52.7646154], [85.1811191, 52.7645634], [85.1811916, 52.7645083], [85.1812211, 52.7644742], [85.1812667, 52.7644093], [85.1815966, 52.7640554], [85.1816663, 52.7639597], [85.1817012, 52.7638964], [85.1817173, 52.7638266], [85.1817146, 52.7637601], [85.1816851, 52.763627], [85.1816556, 52.7635556], [85.1815966, 52.7634549], [85.1815537, 52.7633916], [85.1815215, 52.7633592], [85.1814812, 52.7633332], [85.1814356, 52.7633137], [85.1813793, 52.7632943], [85.181323, 52.7632813], [85.1812667, 52.763278], [85.1812103, 52.7632813], [85.1811621, 52.7632975], [85.1811245, 52.7633235], [85.181095, 52.7633527], [85.1810762, 52.7634225], [85.1810735, 52.7634614], [85.1810655, 52.7634955], [85.1810226, 52.7635621], [85.1809904, 52.7635961], [85.1809502, 52.7636253], [85.1809072, 52.7636497], [85.1808026, 52.7636854], [85.180749, 52.7636903], [85.1806846, 52.763687], [85.180631, 52.7636757], [85.1804861, 52.7636156], [85.1803949, 52.7635637], [85.1803413, 52.7635393], [85.1800436, 52.7633835], [85.180006, 52.7633576], [85.1799765, 52.7633283], [85.1799604, 52.7632943], [85.1799577, 52.7632618], [85.1799577, 52.7632261], [85.1799658, 52.7631595], [85.1799872, 52.7630914], [85.1801991, 52.7629031], [85.1802394, 52.7628804], [85.1803306, 52.7628414], [85.1806498, 52.7627197], [85.1807249, 52.7626743], [85.1807946, 52.7626191], [85.1808449, 52.7625549], [85.1808912, 52.7624957], [85.1809287, 52.7624048], [85.1809341, 52.7623399], [85.1809233, 52.762262], [85.1809019, 52.7621971], [85.1808268, 52.762064], [85.1807034, 52.7619017], [85.1806498, 52.7617718], [85.1806498, 52.761642], [85.1806927, 52.7614472], [85.1807034, 52.7613368], [85.1806712, 52.7612037], [85.1805747, 52.760996], [85.1805586, 52.7609311], [85.1805639, 52.760785], [85.1806819, 52.7603143], [85.1807624, 52.7601098], [85.1807731, 52.7600448], [85.180816, 52.7598987], [85.1807731, 52.7594767], [85.1806819, 52.7593436], [85.1806015, 52.7592852], [85.180521, 52.7592397], [85.1804298, 52.759204], [85.1803118, 52.7591683], [85.1802099, 52.7591488], [85.1800972, 52.7591326], [85.1798505, 52.7591359], [85.1797378, 52.7591521], [85.1796412, 52.7591845], [85.1794267, 52.7592268], [85.1793247, 52.759256], [85.1789975, 52.7593696], [85.1788902, 52.7593923], [85.1787776, 52.7594085], [85.1786542, 52.759415], [85.1785362, 52.7594021], [85.1784396, 52.7593663], [85.1783484, 52.7593177], [85.1783109, 52.7592527], [85.1782948, 52.7591813], [85.1782358, 52.7591294], [85.1781338, 52.7591001], [85.1780212, 52.7590904], [85.1773506, 52.7590872], [85.1771039, 52.7590677], [85.1769966, 52.7590644], [85.1767605, 52.7590417], [85.1761061, 52.7590222], [85.1759881, 52.7590092], [85.1758164, 52.7589898], [85.1757091, 52.7589638], [85.1755965, 52.7589476], [85.1755053, 52.7589119], [85.1753926, 52.7588924], [85.17528, 52.7588956], [85.1750547, 52.7588632], [85.1749474, 52.7588339], [85.1747489, 52.758769], [85.174529, 52.7587041], [85.174309, 52.7586586], [85.1741964, 52.7586521], [85.1740837, 52.7586489], [85.1739711, 52.7586619], [85.1736706, 52.758769], [85.1735634, 52.7587885], [85.1734507, 52.7587885], [85.1733381, 52.7587723], [85.1727962, 52.758597], [85.172689, 52.758571], [85.172469, 52.7584833], [85.1723295, 52.7584087], [85.1722705, 52.758347], [85.1722491, 52.7582009], [85.1722491, 52.7579964], [85.1722169, 52.7579347], [85.172174, 52.7578698], [85.1721096, 52.7578113], [85.1718736, 52.7576652], [85.171439, 52.7574315], [85.1713532, 52.7573893], [85.1712459, 52.7573568], [85.1711279, 52.7573373], [85.171026, 52.7573665], [85.1709509, 52.7574152], [85.1709241, 52.7574802], [85.1709187, 52.7575484], [85.1709777, 52.757886], [85.1709616, 52.7579542], [85.170908, 52.7580126], [85.1708168, 52.7580613], [85.1704037, 52.7581879], [85.1703232, 52.7582398], [85.1702535, 52.758295], [85.1702213, 52.75836], [85.1702321, 52.7584249], [85.1702696, 52.7584898], [85.1703393, 52.7585385], [85.1707256, 52.7586846], [85.1710421, 52.7587593], [85.1713639, 52.758782], [85.1714712, 52.758782], [85.1716965, 52.758808], [85.1719218, 52.7588567], [85.1720184, 52.7588924], [85.1720667, 52.7589541], [85.1720023, 52.7590125], [85.1719058, 52.759045], [85.1717931, 52.7590612], [85.1716858, 52.7590579], [85.1711279, 52.7590125], [85.1709026, 52.759019], [85.1705539, 52.7590514], [85.1703501, 52.7591001], [85.1701355, 52.7591618], [85.1700389, 52.759204], [85.1698834, 52.7593144], [85.1696634, 52.7594962], [85.1695991, 52.7595514], [85.169422, 52.7598111], [85.1693147, 52.7599345], [85.1692718, 52.7600059], [85.1692504, 52.7600805], [85.1692665, 52.7601455], [85.1693147, 52.7602104], [85.1693737, 52.7602688], [85.1694435, 52.7603273], [85.1695025, 52.7603824], [85.1695508, 52.7604604], [85.1695883, 52.7605318], [85.1696205, 52.760733], [85.1696581, 52.760798], [85.1698995, 52.7609505], [85.1700765, 52.7611226], [85.1701301, 52.761181], [85.1702267, 52.7613109], [85.1702857, 52.7614472], [85.1703876, 52.7619731], [85.1703232, 52.7621938], [85.1702642, 52.7623042], [85.1702106, 52.7623691], [85.1700872, 52.7624827], [85.1699316, 52.7625931], [85.1698136, 52.76271], [85.1697332, 52.7627619], [85.1694381, 52.762882], [85.1693308, 52.7628982], [85.1692235, 52.7628917], [85.1691109, 52.7628625], [85.1688856, 52.762697], [85.1687998, 52.7626483], [85.1686871, 52.7626191], [85.1685798, 52.7625963], [85.1684672, 52.7626061], [85.168274, 52.7626807], [85.1681775, 52.76271], [85.1679844, 52.7627976], [85.1678932, 52.7628333], [85.1677912, 52.7628625], [85.1676732, 52.7628788], [85.1675552, 52.762882], [85.1674426, 52.7628755], [85.1673245, 52.7628528], [85.1672226, 52.7628301], [85.1670295, 52.7627684], [85.1669383, 52.7627262], [85.1667076, 52.7625866], [85.1664501, 52.7623367], [85.1664072, 52.7622685], [85.1663804, 52.7622003], [85.1663804, 52.7621354], [85.1664394, 52.762077], [85.1665413, 52.7620575], [85.1669705, 52.7620607], [85.1670778, 52.7620477], [85.1671797, 52.7620185], [85.1672602, 52.7619731], [85.167287, 52.7619082], [85.1672977, 52.7617718], [85.1672763, 52.7617037], [85.1671261, 52.7615965], [85.1670241, 52.7615543], [85.1667988, 52.7615478], [85.1666754, 52.7615608], [85.1665682, 52.7615868], [85.1664609, 52.7615965], [85.1663428, 52.76159], [85.1661336, 52.7615284], [85.1660156, 52.7615121], [85.1657796, 52.7615154], [85.1656723, 52.7615024], [85.1655757, 52.7614764], [85.1655006, 52.7614245], [85.1654684, 52.7613596], [85.165447, 52.7612881], [85.165447, 52.7611356], [85.1654363, 52.7610706], [85.1652324, 52.7602364], [85.1651627, 52.7601033], [85.165109, 52.7600351], [85.16505, 52.7599799], [85.1649749, 52.759928], [85.164873, 52.7598858], [85.1647603, 52.7598565], [85.164637, 52.7598565], [85.1645297, 52.759876], [85.1643151, 52.7599539], [85.1642185, 52.7600026], [85.1641595, 52.7600676], [85.164063, 52.7602006], [85.1639825, 52.7602526], [85.1638967, 52.7602948], [85.163784, 52.7603143], [85.1636606, 52.760324], [85.1635373, 52.7603273], [85.1630866, 52.7602591], [85.1621693, 52.7601487], [85.1616758, 52.7600351], [85.1614398, 52.7599929], [85.1613218, 52.7599831], [85.1610804, 52.7599831], [85.160957, 52.7599961], [85.160839, 52.7600189], [85.1607156, 52.7600513], [85.1606083, 52.7600935], [85.1605171, 52.760139], [85.1604313, 52.7601909], [85.1602864, 52.760311], [85.160222, 52.7603824], [85.1601791, 52.7604506], [85.1601577, 52.760522], [85.1601469, 52.7606681], [85.1601952, 52.7608077], [85.1602274, 52.7608759], [85.1602757, 52.7609343], [85.1602972, 52.7610155], [85.1602811, 52.7610804], [85.1602381, 52.7611518], [85.1601416, 52.7612362], [85.1600075, 52.7613628], [85.1598251, 52.7614537], [85.1595998, 52.7615349], [85.1594925, 52.7615641], [85.1593745, 52.7615803], [85.1592457, 52.7615868], [85.1590097, 52.76159], [85.158897, 52.7615771], [85.1585376, 52.7614959], [85.1584411, 52.7614634], [85.1583499, 52.7614115], [85.1582694, 52.7613498], [85.1581567, 52.761233], [85.1580548, 52.7610382], [85.1579475, 52.7609083], [85.1577866, 52.7608045], [85.1577222, 52.7606129], [85.1577115, 52.760548], [85.157733, 52.7604863], [85.1577759, 52.7604182], [85.1578295, 52.7603597], [85.1579207, 52.7602331], [85.1579583, 52.7601649], [85.1580065, 52.7600286], [85.1580173, 52.7599572], [85.1580119, 52.759889], [85.1579851, 52.7598241], [85.1579422, 52.7597527], [85.1578885, 52.7596877], [85.1578081, 52.7596293], [85.1577061, 52.7595903], [85.1575881, 52.7595709], [85.1573414, 52.7595611], [85.1572233, 52.7595741], [85.1571053, 52.7595936], [85.1568639, 52.7596131], [85.1567459, 52.7596131], [85.156526, 52.7595936], [85.156424, 52.7595709], [85.1562309, 52.7594735], [85.15607, 52.7593696], [85.1560056, 52.7593177], [85.1559573, 52.7592495], [85.1557535, 52.7588339], [85.155732, 52.758769], [85.1557159, 52.7586294], [85.1557267, 52.7585612], [85.1557642, 52.7584314], [85.1558447, 52.758308], [85.1558822, 52.7582398], [85.1559251, 52.7581749], [85.15607, 52.758058], [85.1562309, 52.7579607], [85.1563811, 52.7578568], [85.1567888, 52.7576165], [85.1568747, 52.7575808], [85.157057, 52.7574834], [85.157159, 52.7574477], [85.1572555, 52.7574023], [85.157454, 52.7573341], [85.157631, 52.7572594], [85.1577222, 52.7572107], [85.1579046, 52.7571296], [85.157969, 52.7570744], [85.1580226, 52.7570127], [85.1580495, 52.7569445], [85.1580548, 52.7568146], [85.1578671, 52.7562335], [85.1579851, 52.7558179], [85.1580173, 52.7557595], [85.158028, 52.7556913], [85.1580334, 52.7554705], [85.1580012, 52.7554024], [85.1579475, 52.7553342], [85.1578885, 52.755279], [85.1577437, 52.7551654], [85.157572, 52.7549835], [85.1575291, 52.7549121], [85.1574969, 52.7548439], [85.1574486, 52.7546362], [85.1574433, 52.7545615], [85.1574057, 52.7544349], [85.1573682, 52.7543732], [85.1571965, 52.7541881], [85.1570731, 52.7539868], [85.1569658, 52.7538699], [85.1568049, 52.7537595], [85.1565957, 52.753581], [85.1564079, 52.7534998], [85.1563114, 52.7534673], [85.1561075, 52.7534121], [85.1559895, 52.7534024], [85.1558769, 52.7534024], [85.1557696, 52.7534219], [85.1556623, 52.7534511], [85.1555818, 52.753503], [85.1555335, 52.7535615], [85.1554745, 52.7536297], [85.1553619, 52.7539056], [85.1555765, 52.7541264], [85.1559305, 52.7543439], [85.1559949, 52.7544089], [85.1560432, 52.7544803], [85.1560861, 52.754555], [85.1561075, 52.7546329], [85.156129, 52.7549316], [85.1560914, 52.7551361], [85.1560968, 52.7552076], [85.1561344, 52.7553374], [85.1561665, 52.7554056], [85.1562148, 52.7554835], [85.1562846, 52.7556231], [85.1563114, 52.7556978], [85.1563328, 52.7558374], [85.1563168, 52.7559965], [85.1563007, 52.7560647], [85.1562631, 52.7561296], [85.1562095, 52.7561881], [85.1561451, 52.7562432], [85.1560593, 52.7562952], [85.1559466, 52.7563147], [85.1558232, 52.7563049], [85.1557052, 52.7562822], [85.1555926, 52.7562432], [85.1555067, 52.756201], [85.1552921, 52.7560322], [85.1552063, 52.7559803], [85.1551098, 52.7559381], [85.154981, 52.7559153], [85.1546055, 52.7559413], [85.1544982, 52.7559446], [85.1543856, 52.755964], [85.1541817, 52.7560192], [85.153951, 52.7560549], [85.1537204, 52.7560614], [85.1536024, 52.7560484], [85.1534897, 52.7560257], [85.1533985, 52.75599], [85.1533234, 52.7559413], [85.1531839, 52.7558277], [85.153082, 52.755714], [85.1530391, 52.7556524], [85.1530069, 52.7555874], [85.1528835, 52.7553017], [85.1527762, 52.7549641], [85.1527172, 52.7546751], [85.1527119, 52.7545388], [85.152728, 52.7544771], [85.1527655, 52.7544121], [85.1528245, 52.7543472], [85.152905, 52.7542952], [85.1529962, 52.7542693], [85.1532108, 52.7542465], [85.1537579, 52.7542303], [85.153994, 52.7541849], [85.1540852, 52.7541524], [85.154171, 52.7541102], [85.15423, 52.7540517], [85.1541924, 52.7539836], [85.154112, 52.7539219], [85.153935, 52.7538245], [85.1538813, 52.7537595], [85.1538652, 52.7536946], [85.1538652, 52.7536232], [85.153892, 52.7534901], [85.1538759, 52.7534219], [85.1538169, 52.7533667], [85.1537204, 52.7533245], [85.1536077, 52.7533017], [85.1535112, 52.7532595], [85.1533556, 52.7531199], [85.1533288, 52.7529868], [85.153259, 52.7529284], [85.1528782, 52.7528537], [85.1527762, 52.7528212], [85.1526743, 52.752792], [85.1524222, 52.7526491], [85.1521835, 52.7526053], [85.1520869, 52.7525907], [85.1517919, 52.7525761], [85.1516417, 52.7525777], [85.15158, 52.7525858], [85.1515129, 52.7525988], [85.1514566, 52.752615], [85.1514137, 52.7526378], [85.1513734, 52.7526637], [85.1512662, 52.7527546], [85.1512581, 52.7528228], [85.1512688, 52.7528618], [85.1512849, 52.7528926], [85.1513118, 52.7529284], [85.151352, 52.7529543], [85.1514003, 52.7529771], [85.1514512, 52.7529949], [85.1516095, 52.7530355], [85.1517275, 52.7530631], [85.1518428, 52.7530988], [85.1518884, 52.7531167], [85.1519313, 52.7531426], [85.1519877, 52.7532092], [85.1520064, 52.7532433], [85.1520199, 52.7532758], [85.1520628, 52.7536248], [85.1520628, 52.7536589], [85.1520547, 52.753693], [85.1520413, 52.7537612], [85.1520011, 52.7538326], [85.1519448, 52.753904], [85.1518857, 52.7539706], [85.151816, 52.7540241], [85.1517302, 52.7540728], [85.1516792, 52.7540907], [85.1516229, 52.7541037], [85.1515639, 52.7540939], [85.1515076, 52.7540793], [85.15147, 52.754055], [85.1514271, 52.7540323], [85.1513386, 52.7539787], [85.1512957, 52.753956], [85.151242, 52.753943], [85.151124, 52.7539397], [85.1510704, 52.7539478], [85.1510221, 52.7539673], [85.1509738, 52.7539852], [85.1509228, 52.7540112], [85.1508397, 52.754068], [85.1508048, 52.7540988], [85.1507726, 52.7541297], [85.1505795, 52.754318], [85.150542, 52.7543472], [85.1505017, 52.7543715], [85.1504508, 52.7543878], [85.1502871, 52.7544202], [85.1501691, 52.7544073], [85.1501209, 52.7543894], [85.1500833, 52.7543651], [85.1500726, 52.7543326], [85.1500779, 52.7542969], [85.1500967, 52.7542628], [85.1501396, 52.754206], [85.1501879, 52.7541475], [85.1502362, 52.754081], [85.1502711, 52.7540193], [85.1503006, 52.7539446], [85.150322, 52.7538456], [85.150322, 52.7538115], [85.1503006, 52.7537027], [85.1502818, 52.753667], [85.1502523, 52.7536313], [85.150212, 52.7536021], [85.1499814, 52.7534722], [85.1499036, 52.7534219], [85.1498553, 52.7533975], [85.1498097, 52.7533683], [85.1497292, 52.7533147], [85.1496381, 52.7532579], [85.1495978, 52.7532303], [85.1494879, 52.7531426], [85.1494583, 52.7531118], [85.1494342, 52.7530793], [85.1493779, 52.7529835], [85.1493484, 52.7529186], [85.1493162, 52.7528212], [85.1492625, 52.7525485], [85.149233, 52.7524835], [85.1491794, 52.7524202], [85.1491445, 52.7523894], [85.1491043, 52.7523634], [85.1490587, 52.752339], [85.1489031, 52.7522757], [85.1482567, 52.7521085], [85.148136, 52.7520825], [85.1480207, 52.7520614], [85.1479644, 52.7520485], [85.1476961, 52.7519803], [85.1474038, 52.7518455], [85.1473206, 52.7517952], [85.1472884, 52.7517676], [85.1472375, 52.7517043], [85.1472187, 52.7516734], [85.1471999, 52.7516036], [85.1472026, 52.7515338], [85.1472348, 52.7514315], [85.1472321, 52.7513276], [85.1472026, 52.7512254], [85.1471865, 52.7511896], [85.1470712, 52.7510354], [85.1470444, 52.7509867], [85.1469398, 52.7508584], [85.1468834, 52.7507935], [85.1468191, 52.7506896], [85.1467574, 52.7505549], [85.1467413, 52.7504818], [85.1467332, 52.7504477], [85.1467279, 52.7503828], [85.1467332, 52.7503487], [85.146752, 52.7502789], [85.1467574, 52.7502464], [85.1467895, 52.7501798], [85.1468271, 52.7501181], [85.1468539, 52.7500889], [85.1470149, 52.7499931], [85.1470605, 52.7499769], [85.1471114, 52.7499671], [85.1471677, 52.7499671], [85.1472267, 52.7499769], [85.1472777, 52.7499785], [85.1473957, 52.7499753], [85.1474574, 52.7499655], [85.1475084, 52.7499558], [85.1475459, 52.7499314], [85.1476076, 52.749761], [85.1475996, 52.749696], [85.1476318, 52.7496294], [85.1476774, 52.7495694], [85.1477364, 52.7495093], [85.1477712, 52.7494817], [85.1483721, 52.7491164], [85.1486027, 52.7487901], [85.1487583, 52.7484767], [85.1488119, 52.7482007], [85.1488093, 52.7479182], [85.1486725, 52.7475285], [85.1484632, 52.7471908], [85.1482862, 52.7468645], [85.1478544, 52.7464862], [85.1477739, 52.7464342], [85.1477337, 52.7464066], [85.1476023, 52.746327], [85.1474816, 52.7462524], [85.1473957, 52.7462101], [85.1472375, 52.7461403], [85.1471812, 52.7461355], [85.1469532, 52.7461371], [85.1467761, 52.7461695], [85.1466608, 52.746202], [85.1465535, 52.7462394], [85.1465079, 52.7462605], [85.1464596, 52.7462881], [85.1463819, 52.7463433], [85.1463416, 52.7463741], [85.1463094, 52.7464066], [85.146288, 52.7464439], [85.1462799, 52.7464764], [85.1462772, 52.7465105], [85.1462772, 52.7466534], [85.1462826, 52.7466891], [85.1462907, 52.7467947], [85.1462933, 52.7468271], [85.1462826, 52.7468986], [85.1462638, 52.7469684], [85.1462477, 52.7470009], [85.1462129, 52.7471031], [85.1461431, 52.7472574], [85.146119, 52.7473986], [85.146119, 52.7474327], [85.1461217, 52.7474717], [85.1461324, 52.7475091], [85.1461753, 52.7475837], [85.1462048, 52.7476178], [85.1462719, 52.7476763], [85.1463148, 52.7477006], [85.1464918, 52.7477899], [85.1465401, 52.747811], [85.1465884, 52.7478354], [85.1466957, 52.7479101], [85.1467252, 52.7479409], [85.146744, 52.747975], [85.1467493, 52.7480075], [85.1467466, 52.7480448], [85.146693, 52.748178], [85.1464918, 52.7487446], [85.146406, 52.7488794], [85.146355, 52.7489492], [85.1462987, 52.7490174], [85.1462236, 52.7491213], [85.1461378, 52.7492187], [85.1460761, 52.7493193], [85.1460519, 52.7493502], [85.1460117, 52.749381], [85.1459688, 52.7494022], [85.1458535, 52.7494054], [85.1457944, 52.7493973], [85.1457435, 52.7493827], [85.1457006, 52.7493567], [85.1456791, 52.7493242], [85.1456684, 52.7492901], [85.1456684, 52.7491521], [85.1456523, 52.7491197], [85.1456228, 52.7490872], [85.1455852, 52.749058], [85.145545, 52.7490304], [85.1454967, 52.7490093], [85.1454458, 52.7489979], [85.1453224, 52.7489881], [85.1452097, 52.7489849], [85.1451561, 52.74898], [85.1451051, 52.7489687], [85.1450515, 52.7489508], [85.144963, 52.748907], [85.1447564, 52.748769], [85.1446867, 52.7487138], [85.1446223, 52.7486537], [85.1445982, 52.7486261], [85.1445311, 52.7485287], [85.1443353, 52.748204], [85.1443192, 52.7481699], [85.1442575, 52.7480708], [85.1442388, 52.7480335], [85.1440886, 52.7477932], [85.1440483, 52.747686], [85.1440483, 52.7476162], [85.1440617, 52.7475529], [85.1440644, 52.7475204], [85.1440564, 52.7474555], [85.1440215, 52.7473905], [85.1439947, 52.7473256], [85.1439062, 52.746944], [85.1439303, 52.7468417], [85.1439759, 52.7465722], [85.1440108, 52.7464992], [85.1440349, 52.7464634], [85.1440537, 52.746431], [85.1441047, 52.7463189], [85.1442388, 52.7461241], [85.1444587, 52.745874], [85.1444909, 52.7458432], [85.1445284, 52.7458156], [85.1445687, 52.7457929], [85.1446143, 52.7457717], [85.1446599, 52.7457555], [85.144802, 52.7456987], [85.1448745, 52.7456451], [85.1449522, 52.7455948], [85.1449952, 52.7455737], [85.1450488, 52.7455623], [85.1452231, 52.7455542], [85.1453868, 52.7455558], [85.1454404, 52.7455607], [85.1454994, 52.7455672], [85.1455557, 52.7455785], [85.145663, 52.745598], [85.1457113, 52.7456126], [85.1457542, 52.7456337], [85.1458079, 52.7456516], [85.1458642, 52.7456597], [85.1459768, 52.7456597], [85.1460895, 52.7456402], [85.146524, 52.7456207], [85.1466474, 52.745611], [85.146701, 52.7455996], [85.1467895, 52.7455607], [85.1468325, 52.7455363], [85.1468566, 52.7455022], [85.146862, 52.7454324], [85.1468164, 52.7454048], [85.1467735, 52.7453821], [85.1467359, 52.7453561], [85.1467118, 52.7453269], [85.146701, 52.7452928], [85.1467064, 52.7452603], [85.1467332, 52.7451953], [85.1467386, 52.7451596], [85.1467359, 52.7451239], [85.1467144, 52.7450573], [85.1466984, 52.7450265], [85.1466501, 52.7449567], [85.1465642, 52.7448641], [85.1465026, 52.744804], [85.146465, 52.7447748], [85.1464221, 52.7447537], [85.1463684, 52.7447504], [85.1462021, 52.7447456], [85.1461485, 52.7447472], [85.1460922, 52.7447407], [85.1460412, 52.7447277], [85.1459929, 52.7447066], [85.14595, 52.7446774], [85.1457515, 52.7445783], [85.1456737, 52.7445247], [85.1455665, 52.7444436], [85.1455101, 52.7443851], [85.1454914, 52.7443526], [85.1454806, 52.7443202], [85.1454833, 52.7442828], [85.1454967, 52.7442503], [85.1455638, 52.7441578], [85.1456174, 52.7440993], [85.1456335, 52.7440701], [85.1456577, 52.7440376], [85.1456791, 52.7439353], [85.1456818, 52.7438996], [85.1456684, 52.7438347], [85.1456335, 52.7437697], [85.1455638, 52.7436723], [85.1455155, 52.7435684], [85.1454431, 52.7432777], [85.1454082, 52.7432079], [85.1453492, 52.7431445], [85.1452848, 52.7430877], [85.1452392, 52.7430634], [85.145191, 52.7430439], [85.1450756, 52.7430065], [85.1448396, 52.7429546], [85.1446116, 52.7428961], [85.1444936, 52.7428782], [85.1444346, 52.742875], [85.1443809, 52.7428782], [85.1442736, 52.7429026], [85.1442227, 52.7429205], [85.1441824, 52.7429513], [85.1440993, 52.7430033], [85.1440269, 52.7430585], [85.1439974, 52.7430893], [85.1438928, 52.7432339], [85.1438606, 52.7433037], [85.1438498, 52.7433362], [85.1438445, 52.7433719], [85.1438445, 52.7434125], [85.1438552, 52.7434466], [85.1438794, 52.7434774], [85.1439089, 52.7435067], [85.1439464, 52.7435359], [85.143992, 52.7435619], [85.1440296, 52.7435862], [85.1440752, 52.7436138], [85.1442575, 52.7437064], [85.1442951, 52.743734], [85.1443621, 52.7437957], [85.1443863, 52.7438265], [85.1444024, 52.7438639], [85.1444131, 52.743898], [85.1443675, 52.7441188], [85.1443434, 52.7441545], [85.1443058, 52.7441838], [85.1442602, 52.7442081], [85.1442066, 52.7442308], [85.1440939, 52.7442666], [85.1440376, 52.7442796], [85.1438659, 52.7443348], [85.143815, 52.7443591], [85.1437318, 52.744416], [85.1436836, 52.7444419], [85.1435709, 52.7444744], [85.1435173, 52.7444841], [85.1434556, 52.7444923], [85.1432812, 52.7444906], [85.1431632, 52.7444793], [85.1430345, 52.7444793], [85.1427421, 52.7444679], [85.1426429, 52.7444598], [85.1424792, 52.7444176], [85.1423827, 52.7443802], [85.1422486, 52.744299], [85.1421869, 52.744239], [85.1421681, 52.7442097], [85.1421547, 52.744174], [85.1421493, 52.7441399], [85.1421493, 52.7440587], [85.1421681, 52.7439873], [85.1421922, 52.7439191], [85.1422378, 52.7438541], [85.1423237, 52.7437665], [85.1424015, 52.7437096], [85.1424417, 52.7436853], [85.1425356, 52.7436447], [85.1425919, 52.7436268], [85.1426429, 52.7436236], [85.1426992, 52.7436317], [85.1428065, 52.7436382], [85.1428655, 52.7436349], [85.1429164, 52.7436236], [85.1429701, 52.7436057], [85.1430559, 52.7435586], [85.1433697, 52.7433491], [85.1434958, 52.7432777], [85.1435977, 52.7432046], [85.1436058, 52.7431299], [85.1435869, 52.7430503], [85.1434153, 52.7424593], [85.1433616, 52.7423424], [85.1433831, 52.7420955], [85.1434045, 52.7419786], [85.1436084, 52.7416539], [85.1437908, 52.7414525], [85.1438015, 52.7413291], [85.1437586, 52.7412122], [85.1436299, 52.7411147], [85.1435816, 52.7410401], [85.1431954, 52.7409621], [85.1421547, 52.7409167], [85.1411676, 52.7407803], [85.1409745, 52.7407283], [85.1408243, 52.7406569], [85.1404166, 52.740384], [85.140363, 52.7402736], [85.140363, 52.7400398], [85.1404273, 52.7399229], [85.1405775, 52.7397085], [85.1408243, 52.7394227], [85.1410389, 52.7392213], [85.1410818, 52.7389875], [85.1409101, 52.7386367], [85.1405346, 52.7383574], [85.1403952, 52.7382729], [85.1402879, 52.738169], [85.1401913, 52.7380586], [85.1401484, 52.7378117], [85.140202, 52.7376948], [85.1403308, 52.7376039], [85.1407063, 52.7375584], [85.140878, 52.7374869], [85.1409852, 52.7373895], [85.1410496, 52.7372856], [85.1411569, 52.7368178], [85.1411247, 52.7364541], [85.1410389, 52.7362202], [85.1408028, 52.7358824], [85.1404595, 52.735746], [85.1400733, 52.7357005], [85.139966, 52.7355966], [85.1399982, 52.7354796], [85.1399767, 52.7353562], [85.139848, 52.7352588], [85.1396549, 52.7352198], [85.1394725, 52.7352847], [85.1392794, 52.7353042], [85.1391184, 52.7352263], [85.1389897, 52.7350769], [85.1390219, 52.7349599], [85.1391828, 52.7347326], [85.1391399, 52.7343688], [85.1391506, 52.7342453], [85.1391935, 52.734005], [85.1392686, 52.7338945], [85.1394403, 52.7338296], [85.1396227, 52.7337971], [85.1399553, 52.7336801], [85.1401162, 52.7336087], [85.1402342, 52.7335242], [85.1404381, 52.7333163], [85.1405883, 52.7331019], [85.1406097, 52.732985], [85.1406097, 52.7326147], [85.1402235, 52.7321924], [85.1400411, 52.7321339], [85.139848, 52.7321144], [85.1392472, 52.7322119], [85.138936, 52.7323808], [85.1387322, 52.7324198], [85.1386249, 52.7323158], [85.1386142, 52.732069], [85.1385069, 52.7317181], [85.1386034, 52.7316142], [85.1388931, 52.7314518], [85.1389789, 52.7313543], [85.1389038, 52.7311334], [85.1389146, 52.73101], [85.1390326, 52.730919], [85.1392472, 52.7305942], [85.1394403, 52.7303863], [85.1396227, 52.7300419], [85.1396763, 52.729834], [85.1396012, 52.7296066], [85.139569, 52.7291258], [85.1395047, 52.7290154], [85.1392257, 52.728684], [85.1390326, 52.7284696], [85.1387644, 52.7282812], [85.1384854, 52.7279563], [85.138421, 52.7278394], [85.138421, 52.727586], [85.1383674, 52.727469], [85.1383138, 52.7272286], [85.1383352, 52.7269882], [85.1383889, 52.7268777], [85.1383889, 52.7267543], [85.1383781, 52.7266373], [85.1381957, 52.7264229], [85.1377344, 52.726098], [85.137434, 52.7259421], [85.1370907, 52.7257991], [85.1367152, 52.7256887], [85.1359212, 52.7255457], [85.1357388, 52.7254872], [85.135535, 52.7254418], [85.135138, 52.7253833], [85.1349664, 52.7253053], [85.1349127, 52.7251948], [85.1348698, 52.7248375], [85.1349664, 52.724727], [85.135256, 52.7245645], [85.1353955, 52.7244476], [85.1356637, 52.7242851], [85.1358783, 52.7240902], [85.1360285, 52.7238628], [85.1361143, 52.7236353], [85.1361465, 52.7233949], [85.1360822, 52.7232714], [85.1358783, 52.7230635], [85.1352024, 52.7226216], [85.1350629, 52.7224787], [85.1349127, 52.7223032], [85.1347196, 52.7220823], [85.1346981, 52.7219588], [85.1347625, 52.7217249], [85.1347625, 52.7216079]]}}, {"type": "Feature", "properties": {"id": 0.6834599373600996, "osm_id": 213004432, "name_kz": "Шумеловка", "name_ru": "Шумеловка", "name_en": "", "object_type": "river"}, "geometry": {"type": "LineString", "coordinates": [[85.1423388, 51.8573059], [85.142997, 51.8570269], [85.1432331, 51.8570898], [85.1437051, 51.8569175], [85.14385, 51.8567916], [85.143699, 51.856667], [85.1436185, 51.8567433], [85.1433986, 51.8567565], [85.14342, 51.856614], [85.1446538, 51.8561966], [85.1449274, 51.8562893], [85.1448899, 51.8561402], [85.1455712, 51.8559978], [85.1459681, 51.8560243], [85.1467621, 51.8557161], [85.1468648, 51.8559534], [85.1474763, 51.8559633], [85.1481201, 51.8557413], [85.1480879, 51.8555955], [85.1483454, 51.8555326], [85.1483883, 51.855685], [85.1486082, 51.8557314], [85.1489837, 51.855622], [85.1492841, 51.8556618], [85.1497026, 51.8554862], [85.1502605, 51.8556485], [85.1515747, 51.8555657], [85.1530339, 51.8557745], [85.1532055, 51.8558705], [85.1535059, 51.8558242], [85.1543642, 51.8559666], [85.1547451, 51.8561157], [85.1549865, 51.8560826], [85.156333, 51.856076], [85.1570679, 51.8563708], [85.1587792, 51.8565266], [85.1592566, 51.8567254], [85.1598735, 51.8567353], [85.160485, 51.8569606], [85.1607479, 51.8571892], [85.1620085, 51.8577458], [85.1625611, 51.8580871], [85.1630492, 51.8581732], [85.1641758, 51.8586801], [85.1646049, 51.8589849], [85.1648678, 51.858975], [85.1652326, 51.8593295], [85.1657314, 51.8594388], [85.1664602, 51.8601359], [85.16712, 51.8606991], [85.1671637, 51.8610456], [85.1680105, 51.8613948], [85.1680113, 51.8617281], [85.1683922, 51.8620196], [85.1685692, 51.862003], [85.1690037, 51.8622415], [85.169272, 51.8625993], [85.1696046, 51.8627351], [85.1707257, 51.8636097], [85.1716538, 51.8644081], [85.1726837, 51.864746], [85.1727481, 51.8648818], [85.1732524, 51.8650342], [85.1735957, 51.864958], [85.1749261, 51.8651667], [85.1753659, 51.8654449], [85.175543, 51.8654184], [85.1767124, 51.8657795], [85.1776673, 51.8659352], [85.1786704, 51.8663161], [85.1792337, 51.8666838], [85.1802046, 51.8670813], [85.1815235, 51.8674934], [85.1817174, 51.8678167], [85.1821519, 51.8680154], [85.1825704, 51.8680022], [85.1830148, 51.8680962], [85.1831819, 51.8682705], [85.1833321, 51.8681744], [85.1839329, 51.8683831], [85.1842655, 51.8686547], [85.185038, 51.8688303], [85.1860572, 51.8691781], [85.1866956, 51.8694993], [85.1882781, 51.8700492], [85.1886751, 51.8703075], [85.18919, 51.8703407], [85.189528, 51.8704301], [85.1897211, 51.8703937], [85.1899303, 51.8704201], [85.1912983, 51.8707812], [85.1917328, 51.87097], [85.1924731, 51.8710329], [85.1927252, 51.8711389], [85.1930632, 51.871182], [85.193326, 51.8713244], [85.1949085, 51.8718013], [85.1964374, 51.8722087], [85.1980252, 51.8723677], [85.199538, 51.8727155], [85.2004231, 51.8729374], [85.2010669, 51.8730003], [85.20186, 51.8730414], [85.2025474, 51.8732388], [85.2030839, 51.8731924], [85.2037652, 51.8733481], [85.204779, 51.8735766], [85.2049453, 51.873411], [85.2052028, 51.8733911], [85.2052672, 51.8732388], [85.2055454, 51.8732699], [85.2055515, 51.8734176], [85.2056588, 51.8734474], [85.2058519, 51.8733249], [85.2062864, 51.8733282], [85.2063615, 51.8730135], [85.2066244, 51.8729539], [85.2073969, 51.8731129], [85.207885, 51.872987], [85.2079923, 51.8730566], [85.2084215, 51.8730765], [85.2085878, 51.8729672], [85.208915, 51.872944], [85.2093817, 51.8730897], [85.209886, 51.8732189], [85.2102446, 51.872995], [85.2104806, 51.8729884], [85.2105082, 51.873199], [85.211093, 51.873199], [85.2118118, 51.8729109], [85.2119352, 51.8727055], [85.2129705, 51.8723379], [85.2139629, 51.8723346], [85.2140809, 51.8721789], [85.2155723, 51.8714535], [85.2157922, 51.8714469], [85.2159263, 51.8715695], [85.2163984, 51.8716589], [85.2165379, 51.8715893], [85.217626, 51.8715443], [85.217836, 51.8716192], [85.2183027, 51.8716125], [85.2192201, 51.8715728], [85.219499, 51.8716655], [85.2195419, 51.8720034], [85.2211137, 51.8729572], [85.2216609, 51.8730467], [85.2220096, 51.8732454], [85.222841, 51.8738316], [85.2233238, 51.873931], [85.2237315, 51.8742986], [85.2239837, 51.8749245], [85.2240319, 51.8753187], [85.2241929, 51.8753021], [85.2243906, 51.875426], [85.2244611, 51.8758651], [85.2247883, 51.8761267], [85.2252926, 51.8760671], [85.226016, 51.8765288], [85.226049, 51.8768884], [85.2257754, 51.8772296], [85.2259363, 51.8775409], [85.2266919, 51.8779959], [85.2269366, 51.8792165], [85.2271861, 51.879642], [85.227288, 51.8802828], [85.2275643, 51.8807017], [85.2278379, 51.8810577], [85.2278915, 51.8816438], [85.2284548, 51.8817944], [85.2289939, 51.8820411], [85.2294955, 51.882869], [85.2295169, 51.8831471], [85.2297798, 51.8833822], [85.2299166, 51.8838491], [85.2302948, 51.884109], [85.2307051, 51.8842647], [85.230917, 51.8843772], [85.23155, 51.8843574], [85.2319095, 51.8844799], [85.2321884, 51.8849136], [85.2325586, 51.8850031], [85.2330682, 51.8854881], [85.2336743, 51.8858457], [85.2347391, 51.8854667], [85.2351228, 51.8855516], [85.2356431, 51.8854406], [85.2361553, 51.8850379], [85.2375393, 51.8851356], [85.2386256, 51.8847863], [85.2388992, 51.8848773], [85.2397737, 51.8845814], [85.2401707, 51.88429], [85.2409378, 51.8841344], [85.2414366, 51.8838889], [85.2426972, 51.8830297], [85.243416, 51.8827151], [85.2442502, 51.8825909], [85.2449664, 51.8820578], [85.2456346, 51.8814917], [85.2464918, 51.8812562], [85.2470722, 51.8809287], [85.2480915, 51.8800876], [85.2491322, 51.879624], [85.2496042, 51.8789418], [85.2517869, 51.8786176], [85.2522655, 51.8789707], [85.2534141, 51.8791511], [85.2540245, 51.879061], [85.254797, 51.879114], [85.2551821, 51.8789382], [85.2554407, 51.8785312], [85.2562132, 51.8783855], [85.2569309, 51.8781318], [85.2571785, 51.8779647], [85.257082, 51.8776964], [85.2574245, 51.8773883], [85.2579725, 51.8771136], [85.258713, 51.8770078], [85.2594844, 51.8770174], [85.2603545, 51.8767164], [85.2610412, 51.8767097], [85.261996, 51.8766501]]}}, {"type": "Feature", "properties": {"id": 0.6862204171846871, "osm_id": 217643849, "name_kz": "кана�� Иртыш-Караганда", "name_ru": "кана�� Иртыш-Караганда", "name_en": "", "object_type": "lake"}, "geometry": {"type": "LineString", "coordinates": [[75.4598678, 51.8389652], [75.4584707, 51.8389708]]}}, {"type": "Feature", "properties": {"id": 0.44511597634119004, "osm_id": 243023001, "name_kz": "Шумное", "name_ru": "Шумное", "name_en": "", "object_type": "lake"}, "geometry": {"type": "Polygon", "coordinates": [[[80.2165382, 55.3022158], [80.2160525, 55.3021626], [80.2159591, 55.3020031], [80.2151745, 55.3020457], [80.2145581, 55.3024391], [80.21439, 55.3030984], [80.2141658, 55.3034493], [80.2140537, 55.3038746], [80.2145394, 55.3042361], [80.2147449, 55.3043956], [80.2153613, 55.3043956], [80.2156415, 55.3044913], [80.2163887, 55.3040766], [80.2164634, 55.3036619], [80.2160525, 55.30363], [80.2160151, 55.3032366], [80.2159964, 55.3031196], [80.2154921, 55.3029601], [80.2155108, 55.3025454], [80.2162206, 55.3025135], [80.2166876, 55.3024923], [80.2165382, 55.3022158]]]}}, {"type": "Feature", "properties": {"id": 0.9273246765268623, "osm_id": 257926882, "name_kz": "Шурап", "name_ru": "Шурап", "name_en": "", "object_type": "river"}, "geometry": {"type": "LineString", "coordinates": [[86.295102, 55.719692], [86.2956384, 55.7200571]]}}, {"type": "Feature", "properties": {"id": 0.3177384453938241, "osm_id": 293445297, "name_kz": "Шумишка", "name_ru": "Шумишка", "name_en": "", "object_type": "river"}, "geometry": {"type": "LineString", "coordinates": [[83.495369, 50.8337511], [83.4888058, 50.8326457], [83.4841387, 50.8271184], [83.4834094, 50.8238017], [83.4831177, 50.8206691], [83.4755336, 50.8174441], [83.470356, 50.8106709], [83.4698455, 50.8053253], [83.4665639, 50.8029288], [83.4618238, 50.7985503], [83.4567496, 50.7948365]]}}, {"type": "Feature", "properties": {"id": 0.6858859067465135, "osm_id": 298614959, "name_kz": "Көне Ертіс", "name_ru": "Старый Иртыш", "name_en": "", "object_type": "river"}, "geometry": {"type": "LineString", "coordinates": [[76.9346438, 52.1279861], [76.9345307, 52.1302083], [76.9346671, 52.1328363], [76.9347882, 52.1335012], [76.9350879, 52.134056], [76.9368645, 52.1365238], [76.9372385, 52.1377577], [76.9372719, 52.1382624], [76.9364619, 52.1387431], [76.935473, 52.138968], [76.9347989, 52.1388089], [76.9335918, 52.1381307], [76.9326101, 52.1382025], [76.9308335, 52.1387907], [76.9295712, 52.1389629], [76.9280752, 52.1385755], [76.9266726, 52.1379155], [76.9235402, 52.1372412], [76.91793, 52.1374564], [76.9162937, 52.1371838], [76.9135588, 52.1361651], [76.910029, 52.1362225], [76.904676, 52.1382742], [76.9036708, 52.1392211], [76.9035305, 52.140541], [76.8954893, 52.1453611], [76.893666, 52.1454328], [76.8913751, 52.1441992], [76.8910245, 52.1431806], [76.8911414, 52.1389055], [76.8917258, 52.137772], [76.8937127, 52.1358782], [76.8953256, 52.135376], [76.9055642, 52.132865], [76.9071304, 52.1320328], [76.9084395, 52.13077], [76.9087667, 52.1295073], [76.9080888, 52.1283306], [76.9063123, 52.1272256], [76.9032734, 52.1264219], [76.8995333, 52.1263789], [76.8951153, 52.1272686], [76.8929647, 52.1283736], [76.8898791, 52.1318319], [76.8861623, 52.1332237], [76.8835676, 52.1335968], [76.8780977, 52.1334533], [76.8755029, 52.1338981], [76.8702901, 52.1398954], [76.8680227, 52.1413731], [76.867485, 52.143195], [76.8683499, 52.1450885], [76.8703135, 52.1466234], [76.8734692, 52.1478427], [76.877186, 52.1488754], [76.878121, 52.1498078], [76.8778172, 52.1509122], [76.8764146, 52.1520596], [76.874264, 52.1527767], [76.8738666, 52.1537233], [76.8758068, 52.1550715], [76.885274, 52.158542], [76.8992294, 52.1623708], [76.9014033, 52.1637187], [76.9022683, 52.1653389], [76.9018007, 52.1669161], [76.9000476, 52.1687513], [76.8994092, 52.1697196], [76.8974295, 52.1727226], [76.8953023, 52.1747869], [76.8920245, 52.1795218], [76.8887733, 52.1816278], [76.8851538, 52.1840551], [76.8836486, 52.1859852], [76.8831956, 52.1878859], [76.8830996, 52.191705], [76.884045, 52.1925898], [76.8848802, 52.194768], [76.8857203, 52.1956263], [76.8924495, 52.1984341], [76.8943677, 52.1997035], [76.8952828, 52.2011966], [76.895505, 52.2023732], [76.8947754, 52.2038592], [76.8935309, 52.2052137], [76.8920932, 52.2061999], [76.8898616, 52.2072782], [76.8856559, 52.208409], [76.8826304, 52.2087903], [76.8799696, 52.2087772], [76.8772016, 52.2082644], [76.8743164, 52.207359], [76.8722234, 52.2061473], [76.8703497, 52.2045257], [76.8697343, 52.2034384], [76.8687206, 52.2005591], [76.8676958, 52.1973887], [76.8670092, 52.1964286], [76.8658076, 52.1954421], [76.8624387, 52.1938637], [76.8596278, 52.1934428], [76.8565808, 52.1940084], [76.8535123, 52.1950081], [76.8499289, 52.196468], [76.8483839, 52.1979674], [76.8472681, 52.2005715], [76.8479548, 52.202531], [76.8485556, 52.2045693], [76.8495957, 52.2070049], [76.8512378, 52.2088561], [76.853279, 52.2100507], [76.8579541, 52.2113543], [76.8634901, 52.2122484], [76.8663412, 52.2125894], [76.8695205, 52.2135101], [76.8727314, 52.2149832], [76.8732692, 52.2168924], [76.8725574, 52.2180843], [76.8706331, 52.2193298], [76.8683664, 52.2211006], [76.8656039, 52.2234381], [76.8640477, 52.2245087], [76.8619282, 52.2249544], [76.8604572, 52.2251288], [76.8586623, 52.2253506], [76.854684, 52.2269018], [76.8536558, 52.22758], [76.8531813, 52.2283454], [76.8532604, 52.2292948], [76.8540513, 52.2302927], [76.8560759, 52.2316005], [76.8598562, 52.233848], [76.8640161, 52.2349329], [76.8676889, 52.2353319]]}}, {"type": "Feature", "properties": {"id": 0.38323195132117105, "osm_id": 310897150, "name_kz": "Или-канал", "name_ru": "Или-канал", "name_en": "", "object_type": "lake"}, "geometry": {"type": "LineString", "coordinates": [[75.4490355, 45.0553958], [75.4461602, 45.0572754], [75.43865, 45.0614587], [75.4374055, 45.0622772], [75.4278354, 45.0661268], [75.4206342, 45.069035], [75.4180936, 45.0702186], [75.4169803, 45.0710971]]}}, {"type": "Feature", "properties": {"id": 0.6763685199755338, "osm_id": 342567369, "name_kz": "старая протока Иртыша", "name_ru": "старая протока Иртыша", "name_en": "", "object_type": "river"}, "geometry": {"type": "LineString", "coordinates": [[79.9810539, 50.470679], [79.9807789, 50.4702715], [79.9805653, 50.470132], [79.9797617, 50.4696834], [79.9795167, 50.4694974], [79.9794136, 50.4691911], [79.9791858, 50.4686796], [79.9789538, 50.4683514], [79.9789237, 50.4681271], [79.9787475, 50.4681161], [79.9786401, 50.4681517], [79.9785069, 50.4681517], [79.9785284, 50.4679876], [79.9785026, 50.4677441], [79.9785713, 50.4671752], [79.9786788, 50.4667348], [79.9788721, 50.4664367], [79.9788163, 50.4662808], [79.9786831, 50.4659443], [79.9784381, 50.4655176], [79.9784151, 50.465306], [79.9781674, 50.4649275], [79.9777568, 50.4646842], [79.9770348, 50.4644184], [79.976143, 50.4640849], [79.9754139, 50.4639858], [79.9748193, 50.4640354], [79.9740973, 50.4641435], [79.9733682, 50.4642516], [79.972448, 50.4642291], [79.9716765, 50.4642697], [79.9708129, 50.4644184], [79.97019, 50.4646211], [79.9700768, 50.4647247], [79.9697158, 50.4651213], [79.9688239, 50.4658647], [79.968201, 50.4659863], [79.96784, 50.4659188], [79.9672454, 50.4657385], [79.9665517, 50.4652024], [79.965943, 50.4648419], [79.9657943, 50.464531], [79.9655127, 50.463906], [79.9654295, 50.4637871], [79.9649105, 50.463045], [79.9633111, 50.4621903], [79.9615637, 50.4615807], [79.9601895, 50.4613816], [79.9598704, 50.4614398], [79.9592189, 50.4614838], [79.9588788, 50.4615999], [79.9588388, 50.4616135], [79.9585857, 50.4616999], [79.9563028, 50.4624301], [79.9543358, 50.4631101], [79.9530544, 50.4636348], [79.9511412, 50.4637322], [79.9489274, 50.4633547], [79.9462804, 50.4627952], [79.9439104, 50.4627416], [79.9424442, 50.4623197], [79.9420863, 50.4620648], [79.9415309, 50.4619104], [79.9399411, 50.4619088], [79.938372, 50.462325], [79.936837, 50.4628399]]}}, {"type": "Feature", "properties": {"id": 0.4354716093629849, "osm_id": 351609549, "name_kz": "Шумилиха", "name_ru": "Шумилиха", "name_en": "", "object_type": "river"}, "geometry": {"type": "LineString", "coordinates": [[82.3399548, 50.315661], [82.3398414, 50.3155708], [82.3398343, 50.3154939], [82.3399405, 50.3154306], [82.3399263, 50.3153809], [82.3398697, 50.3152589], [82.3399971, 50.3151504], [82.3400113, 50.3150329], [82.3400113, 50.3148521], [82.3401599, 50.3144317], [82.3401458, 50.3142374], [82.3400184, 50.3140023], [82.3400184, 50.3137808], [82.3399318, 50.3134402], [82.3397162, 50.3132749], [82.3396669, 50.3130427], [82.3396669, 50.3129129], [82.3395744, 50.3127476], [82.3393834, 50.3125784], [82.3388843, 50.3123344], [82.3386748, 50.3120668], [82.3384098, 50.3119566], [82.3382496, 50.3118582], [82.3379415, 50.3117992], [82.3374978, 50.3117481], [82.3369864, 50.3117363], [82.3352635, 50.3118803], [82.3347697, 50.31185], [82.3336204, 50.3117797], [82.3329985, 50.3114159], [82.3329109, 50.3112249], [82.3326581, 50.3111378], [82.3316105, 50.311248], [82.3311176, 50.3115077], [82.3306985, 50.3118146], [82.3292238, 50.3122084], [82.3283227, 50.3116949], [82.328144, 50.3116518], [82.3276591, 50.3110879], [82.3274875, 50.3106631], [82.327034, 50.3106294], [82.3267579, 50.3109166], [82.3260391, 50.311081], [82.3258835, 50.3115744], [82.3254758, 50.311845], [82.3247892, 50.3118279], [82.3243755, 50.3114544], [82.3242634, 50.3106254], [82.3235838, 50.3104545], [82.3237002, 50.3101389], [82.3229076, 50.3090113], [82.3227949, 50.3083384], [82.3230575, 50.307895], [82.3230082, 50.307407], [82.3230452, 50.307045], [82.3233903, 50.3065491], [82.3232547, 50.3061004], [82.3223427, 50.3053212], [82.3218991, 50.3049276], [82.3218621, 50.3045576], [82.3211966, 50.3039987], [82.3210213, 50.3034883], [82.3206001, 50.3029496], [82.32061, 50.3021796], [82.3202017, 50.301751], [82.319563, 50.3018061], [82.318436, 50.300724], [82.3175971, 50.3004036], [82.3172898, 50.2994881], [82.3159834, 50.2975121], [82.3153493, 50.2969202], [82.3138054, 50.2953734], [82.3130996, 50.2945755], [82.3117932, 50.2940637], [82.3108854, 50.2940049], [82.3087881, 50.2945556], [82.3072036, 50.2941473], [82.3052035, 50.2935337], [82.3043765, 50.2932174], [82.303667, 50.2933392], [82.3033342, 50.2931791], [82.3034974, 50.2927395], [82.3022789, 50.2913379]]}}, {"type": "Feature", "properties": {"id": 0.03461334598505861, "osm_id": 361558001, "name_kz": "Шұбар", "name_ru": "Шубар", "name_en": "Shubar", "object_type": "river"}, "geometry": {"type": "LineString", "coordinates": [[77.464113, 43.0438904], [77.464258, 43.0434237], [77.4647312, 43.0430582], [77.46549, 43.042846], [77.4660858, 43.0428196], [77.4666053, 43.0426062], [77.4669557, 43.0425666], [77.4678727, 43.0423129], [77.4681763, 43.042105], [77.4686582, 43.0419051], [77.4690097, 43.041696], [77.4694121, 43.0414568], [77.4695233, 43.0410759], [77.4699837, 43.0407104], [77.470838, 43.0403569], [77.4713899, 43.0397617], [77.4714958, 43.0382413], [77.4716148, 43.0373179], [77.4716494, 43.0356892], [77.4721567, 43.0346353], [77.472186, 43.0332566], [77.4716958, 43.0319178], [77.471824, 43.0306195], [77.4726416, 43.0299886], [77.4732265, 43.0294299], [77.4732766, 43.029382], [77.4742631, 43.0288141], [77.4742548, 43.0285243], [77.4746395, 43.0277692], [77.4755705, 43.0267256], [77.4761905, 43.0265561], [77.4766805, 43.0261347], [77.4767336, 43.0260891], [77.4772384, 43.0260416], [77.4775475, 43.0256945], [77.4775211, 43.0251192], [77.4777217, 43.0248958], [77.4791463, 43.0253589], [77.4803208, 43.0255781], [77.4815083, 43.0260035], [77.4827661, 43.0265392], [77.4836621, 43.02709], [77.4844643, 43.0271405], [77.4852707, 43.0274858], [77.4856569, 43.0276536], [77.488482, 43.0283727]]}}, {"type": "Feature", "properties": {"id": 0.758944643648791, "osm_id": 424760540, "name_kz": "Шұңқыркөл", "name_ru": "Шункырколь", "name_en": "", "object_type": "lake"}, "geometry": {"type": "Polygon", "coordinates": [[[75.2781247, 49.516905], [75.2776368, 49.516715], [75.2767099, 49.5163244], [75.2762221, 49.5161027], [75.276466, 49.5156276], [75.2755391, 49.5146879], [75.2752789, 49.5143923], [75.2757505, 49.5143078], [75.2763522, 49.5142972], [75.2768563, 49.514255], [75.2774254, 49.5142445], [75.2781572, 49.5142128], [75.2787264, 49.5144345], [75.2791655, 49.5147724], [75.2791655, 49.5153108], [75.2791655, 49.5158704], [75.2795395, 49.5161554], [75.2798322, 49.516525], [75.2792468, 49.51662], [75.2786451, 49.5168417], [75.2781247, 49.516905]]]}}, {"type": "Feature", "properties": {"id": 0.43485488355959734, "osm_id": 448629320, "name_kz": "озеро Шумилка", "name_ru": "озеро Шумилка", "name_en": "", "object_type": "lake"}, "geometry": {"type": "Polygon", "coordinates": [[[83.137058, 53.5274839], [83.1372189, 53.5278411], [83.1373262, 53.5281153], [83.1377339, 53.5285554], [83.1385386, 53.5289635], [83.1392252, 53.529123], [83.1396114, 53.5290719], [83.1397509, 53.5289125], [83.1397938, 53.5286702], [83.139944, 53.528364], [83.1405019, 53.5283385], [83.1410169, 53.5286702], [83.1413817, 53.5291166], [83.1417358, 53.5297224], [83.1420791, 53.53029], [83.1425619, 53.5307237], [83.1428516, 53.5308895], [83.1430447, 53.5308958], [83.1431305, 53.5306918], [83.1431949, 53.5303602], [83.1431842, 53.5298627], [83.1435275, 53.5292505], [83.1441497, 53.528313], [83.1446218, 53.5278347], [83.1450828, 53.5275619], [83.1455656, 53.5271792], [83.1461664, 53.5268603], [83.1469603, 53.5266243], [83.1477221, 53.5265095], [83.1482907, 53.5265159], [83.1486233, 53.5265988], [83.1489451, 53.5267136], [83.1493636, 53.5267455], [83.1495245, 53.5265797], [83.149503, 53.5264011], [83.1492992, 53.5262034], [83.1489773, 53.5260376], [83.1485267, 53.5259802], [83.1479581, 53.5259802], [83.1472607, 53.5260312], [83.1465741, 53.526146], [83.1458338, 53.5263629], [83.1453724, 53.5265351], [83.1448253, 53.5267455], [83.1442248, 53.5272097], [83.1437202, 53.5276958], [83.1435378, 53.528021], [83.1431627, 53.5286383], [83.1430983, 53.5289189], [83.1430125, 53.5290592], [83.142873, 53.5291357], [83.1426692, 53.5291485], [83.1424653, 53.5290847], [83.142358, 53.5290018], [83.1421327, 53.5287658], [83.1419074, 53.5284214], [83.1415534, 53.5278411], [83.1414783, 53.5271587], [83.1415105, 53.5265719], [83.141843, 53.5259788], [83.1423902, 53.5252645], [83.1430447, 53.5248244], [83.1437846, 53.5245707], [83.1442566, 53.5243857], [83.144954, 53.5242773], [83.1458231, 53.5243474], [83.1463488, 53.5244622], [83.1470032, 53.5245962], [83.1476577, 53.5247492], [83.147819, 53.5246075], [83.1480336, 53.5244481], [83.148055, 53.5243333], [83.1479692, 53.5241483], [83.1475722, 53.5239889], [83.1471431, 53.5238868], [83.1462419, 53.5237401], [83.1448257, 53.5235679], [83.1439985, 53.5236012], [83.1438493, 53.5236062], [83.1427335, 53.5237593], [83.142069, 53.5239187], [83.1415534, 53.5241419], [83.1404161, 53.5246075], [83.1389999, 53.5251879], [83.1381793, 53.5255495], [83.1378063, 53.525475], [83.1374219, 53.5254245], [83.1372779, 53.5254056], [83.1368541, 53.5253203], [83.1359905, 53.5252182], [83.1356257, 53.5251943], [83.1353796, 53.5252082], [83.1353494, 53.5252113], [83.1348649, 53.5252611], [83.1345752, 53.5252675], [83.1342104, 53.5252866], [83.1331912, 53.5254014], [83.1326655, 53.5254269], [83.1319359, 53.5254971], [83.1313029, 53.5256438], [83.1305304, 53.5260009], [83.1297794, 53.5264856], [83.1295482, 53.5266561], [83.129243, 53.526881], [83.1282345, 53.5276272], [83.1275264, 53.5282714], [83.1273332, 53.5286157], [83.1272581, 53.52889], [83.1272689, 53.5293173], [83.1271938, 53.5297127], [83.1269685, 53.5302101], [83.1264749, 53.5308032], [83.1263247, 53.5311411], [83.1262067, 53.5317342], [83.1261209, 53.5321742], [83.1259492, 53.5325058], [83.1257668, 53.532729], [83.125563, 53.5329841], [83.1254557, 53.5333794], [83.1256274, 53.5342658], [83.1256274, 53.5338322], [83.1256703, 53.5333667], [83.125799, 53.5331435], [83.1260351, 53.5327609], [83.126196, 53.533067], [83.1264106, 53.5335261], [83.1270221, 53.5346675], [83.127698, 53.5358599], [83.1274513, 53.5348461], [83.1271079, 53.5341], [83.1266788, 53.5332328], [83.1265179, 53.5325887], [83.1265071, 53.5322061], [83.1266681, 53.5318044], [83.1268183, 53.5323081], [83.1268719, 53.5318171], [83.1269792, 53.5314281], [83.1271509, 53.5309435], [83.1273225, 53.5306756], [83.1276658, 53.5304652], [83.1279233, 53.5303376], [83.1280306, 53.5300379], [83.1280306, 53.5296808], [83.1280413, 53.5293491], [83.1279126, 53.5290813], [83.1280735, 53.5285456], [83.1282988, 53.5281119], [83.1285992, 53.5275698], [83.12861, 53.5277293], [83.1285456, 53.5281885], [83.1285563, 53.5284818], [83.1287495, 53.5288198], [83.1290069, 53.5291196], [83.1295541, 53.5295022], [83.1300476, 53.5298338], [83.1307021, 53.5301208], [83.1313136, 53.5303631], [83.1320003, 53.5305736], [83.1326011, 53.5307713], [83.1330088, 53.5308032], [83.1335667, 53.530733], [83.1340173, 53.53058], [83.1342963, 53.5303568], [83.1345967, 53.5300634], [83.1346289, 53.5298657], [83.1344035, 53.5300634], [83.1341353, 53.530344], [83.1338135, 53.5305353], [83.1333414, 53.5306246], [83.1328693, 53.5306182], [83.1324402, 53.5305544], [83.132129, 53.5304652], [83.1319252, 53.5303886], [83.131657, 53.5302547], [83.1312493, 53.5301272], [83.130745, 53.529955], [83.1303695, 53.5297573], [83.1299618, 53.5294639], [83.1295327, 53.5292088], [83.1292537, 53.5288453], [83.1290177, 53.5284117], [83.1288997, 53.5279908], [83.1289533, 53.5276527], [83.1290713, 53.5274933], [83.1293395, 53.527251], [83.1296614, 53.5269576], [83.1305948, 53.526492], [83.1311313, 53.5261859], [83.131657, 53.5259818], [83.1322149, 53.5258478], [83.1327298, 53.5257968], [83.1331483, 53.5257586], [83.1338349, 53.5256629], [83.1346289, 53.5255162], [83.1354228, 53.5253631], [83.1358617, 53.525333], [83.1364035, 53.5253777], [83.1367817, 53.5253952], [83.1372672, 53.525475], [83.1376776, 53.5255467], [83.138051, 53.5256407], [83.1378197, 53.5259597], [83.1374013, 53.5266357], [83.1371283, 53.5269642], [83.1370264, 53.5272288], [83.1369406, 53.5273628], [83.1368172, 53.5274712], [83.1365114, 53.5277996], [83.1363612, 53.5280516], [83.136313, 53.5281058], [83.1358784, 53.5285809], [83.1358194, 53.5287021], [83.1358033, 53.5287722], [83.1358087, 53.5288998], [83.1360125, 53.5294737], [83.1360394, 53.5299743], [83.1360984, 53.5301114], [83.1361896, 53.530239], [83.1363934, 53.5304335], [83.1361037, 53.5298117], [83.1361574, 53.5292537], [83.1361091, 53.5286191], [83.136152, 53.5285554], [83.1362325, 53.5285044], [83.1364471, 53.5283226], [83.1365597, 53.5282014], [83.136785, 53.527873], [83.1368923, 53.5277486], [83.136946, 53.5276083], [83.137058, 53.5274839]]]}}, {"type": "Feature", "properties": {"id": 0.32226204844301565, "osm_id": 514421477, "name_kz": "Шум", "name_ru": "Шум", "name_en": "", "object_type": "river"}, "geometry": {"type": "LineString", "coordinates": [[80.7105365, 53.2483087], [80.7104266, 53.2483488], [80.7102978, 53.2483681], [80.7100618, 53.2483841], [80.7099277, 53.2483745], [80.7095736, 53.2483007], [80.7094717, 53.2482654], [80.7092786, 53.2481915], [80.7089379, 53.2480182], [80.7088548, 53.2479637], [80.7086509, 53.2477935], [80.7085383, 53.2476748], [80.7084632, 53.2475496], [80.7084256, 53.2473409], [80.7084203, 53.2472607], [80.7084417, 53.2471933], [80.7084686, 53.2471291], [80.7085597, 53.2470488], [80.7086348, 53.2470071], [80.7087046, 53.246959], [80.7087636, 53.2468948], [80.7088065, 53.2468306], [80.708828, 53.24676], [80.7088387, 53.2466861], [80.7088119, 53.2465898], [80.7087314, 53.2465385], [80.7086134, 53.2465256], [80.7085007, 53.2465256], [80.7083881, 53.246516], [80.708313, 53.2464679], [80.7082647, 53.2464069], [80.7082325, 53.2463427], [80.7082164, 53.2462785], [80.7082003, 53.2461372], [80.7081681, 53.2460666], [80.7081467, 53.2460024], [80.708136, 53.245935], [80.7081521, 53.2458676], [80.7082057, 53.245813], [80.7082808, 53.2457617], [80.7083398, 53.2457039], [80.708372, 53.2456397], [80.7083934, 53.2455113], [80.7083827, 53.2454471], [80.7082915, 53.2453251], [80.7082486, 53.2452577], [80.7082272, 53.2451967], [80.7082379, 53.2451357], [80.7082379, 53.2450747], [80.7082111, 53.2450137], [80.7082057, 53.2449495], [80.7082111, 53.2448821], [80.7082432, 53.2448179], [80.7082862, 53.2447601], [80.7082915, 53.2446991], [80.7082754, 53.2445892], [80.7082674, 53.2445731], [80.7082191, 53.2445106], [80.7082084, 53.2444921], [80.708207, 53.2444696], [80.7082205, 53.2444528], [80.7082446, 53.2444343], [80.7082674, 53.2444215], [80.7082942, 53.2444134], [80.708376, 53.2443982], [80.7084256, 53.2443998], [80.708482, 53.244395], [80.7085074, 53.2443902], [80.7085329, 53.2443813], [80.7085732, 53.2443549], [80.7085946, 53.244322], [80.7086188, 53.244273], [80.7086241, 53.2442337], [80.7083988, 53.2437971], [80.7082486, 53.2436848], [80.7080555, 53.2435146], [80.7079965, 53.24346], [80.7079536, 53.243399], [80.7079428, 53.2433348], [80.7079536, 53.2432642], [80.7079428, 53.2432], [80.7078302, 53.2431808], [80.7077175, 53.2431968], [80.7076102, 53.2432225], [80.7074976, 53.2432289], [80.7073957, 53.2431968], [80.7073313, 53.2431422], [80.7073152, 53.243078], [80.7073474, 53.2430138], [80.7074064, 53.2429625], [80.707503, 53.2429111], [80.7076639, 53.242818], [80.7078624, 53.242741], [80.7079536, 53.2427089], [80.7080555, 53.2426768], [80.7081681, 53.2426511], [80.7083613, 53.242574], [80.7084417, 53.2425227], [80.7085866, 53.2424103], [80.7086778, 53.2423654], [80.708769, 53.2423301], [80.7088602, 53.2422883], [80.7090479, 53.242176], [80.709123, 53.2421246], [80.7092518, 53.2420187], [80.7093215, 53.2419705], [80.7098392, 53.2414328], [80.7098848, 53.2413686], [80.7099035, 53.2413349], [80.7099357, 53.2412642], [80.7099813, 53.2411294], [80.7099974, 53.2410973], [80.7100216, 53.2410668], [80.7100618, 53.2410443], [80.7101127, 53.2410267], [80.7101664, 53.2410186], [80.7102764, 53.2410347], [80.7103273, 53.2410508], [80.7103783, 53.2410636], [80.7104292, 53.2410604], [80.7104748, 53.2410411], [80.7105258, 53.2410251], [80.7105848, 53.2410186], [80.7106492, 53.2410186], [80.7107002, 53.2410203], [80.7107511, 53.2410299], [80.7108584, 53.2410347], [80.7109174, 53.2410283], [80.7109603, 53.2410106], [80.7109791, 53.2409801], [80.7109764, 53.2409464], [80.7109389, 53.240879], [80.7108745, 53.2408212], [80.7108343, 53.2407923], [80.710617, 53.2406607], [80.7105446, 53.2406077], [80.7104373, 53.2404424], [80.7103032, 53.2401567], [80.7101262, 53.2400443], [80.7099813, 53.2399897], [80.7098472, 53.239948], [80.7096863, 53.2398774], [80.7091391, 53.2396847], [80.7089674, 53.2396077], [80.7088065, 53.2395242], [80.7087421, 53.2394086], [80.7088172, 53.2392931], [80.7090211, 53.2392481], [80.7092249, 53.2392289], [80.7094502, 53.2392417], [80.7100725, 53.2393187], [80.7104802, 53.2393316], [80.7106733, 53.2392931], [80.7106626, 53.2391646], [80.7105231, 53.2390748], [80.7102468, 53.2389207], [80.7100564, 53.2388371], [80.709815, 53.2388051], [80.7097292, 53.2386895], [80.709697, 53.2385611], [80.7096112, 53.2384455], [80.7093108, 53.2382785], [80.7091284, 53.2382208], [80.7089138, 53.2382015], [80.7087529, 53.2382785], [80.7085383, 53.2384904], [80.7083881, 53.2385739], [80.7081735, 53.2385932], [80.7078087, 53.2385097], [80.7075941, 53.2385097], [80.707401, 53.2384583], [80.7072508, 53.2383684], [80.7065964, 53.2380538], [80.7064462, 53.2379703], [80.7063281, 53.237874], [80.7062852, 53.2376364], [80.7063603, 53.2375208], [80.7063764, 53.2373346], [80.7062906, 53.2373057], [80.7060653, 53.2372768], [80.7058722, 53.2372126], [80.7058185, 53.2370906], [80.705899, 53.2369847], [80.7058936, 53.2369237], [80.7058346, 53.2368755], [80.7052606, 53.2368659], [80.7042575, 53.2366122], [80.7037103, 53.2364421], [80.7035065, 53.2364035], [80.7033026, 53.2363971], [80.7032329, 53.2364453], [80.7032222, 53.2365063], [80.7033616, 53.2366026], [80.7034689, 53.236715], [80.7035762, 53.2370938], [80.7035655, 53.237219], [80.7034689, 53.2372415], [80.7032543, 53.2372255], [80.7027447, 53.2371292], [80.7022244, 53.2371452], [80.7020312, 53.2371035], [80.7019401, 53.2370649], [80.7018059, 53.2369718], [80.7017094, 53.2369494], [80.7016182, 53.2369783], [80.7015109, 53.2370842], [80.7014304, 53.2371195], [80.7013231, 53.2371195], [80.7012212, 53.237142], [80.7010442, 53.2372094], [80.7008994, 53.2373732], [80.7007974, 53.2373924], [80.7007009, 53.2373732], [80.700615, 53.2373282], [80.7005614, 53.2372768], [80.7005238, 53.237097], [80.7004648, 53.2370457], [80.7004487, 53.2369911], [80.7005882, 53.2368659], [80.7005668, 53.2368306], [80.7003522, 53.2367567], [80.7002824, 53.2367118], [80.7000089, 53.2366122], [80.6997943, 53.2366251], [80.6997085, 53.2366572], [80.6991291, 53.2366187], [80.6989306, 53.2366379], [80.6987965, 53.2366251], [80.6987268, 53.2365833], [80.6986999, 53.2364645], [80.6985444, 53.2363875], [80.69848, 53.2362751], [80.6982815, 53.2362398], [80.6981957, 53.2362045], [80.6980187, 53.23606], [80.6979972, 53.2360022], [80.6980669, 53.235893], [80.6980455, 53.2358385], [80.6978792, 53.2357165], [80.6976539, 53.2356522], [80.697552, 53.2356394], [80.6974393, 53.2356362], [80.6972516, 53.2356908], [80.697155, 53.2356619], [80.6971121, 53.2354114], [80.6970745, 53.2352894], [80.6971282, 53.2349844], [80.6972569, 53.2348881], [80.6972784, 53.2348271], [80.6972462, 53.2347051], [80.6972676, 53.2346473], [80.6973481, 53.2346087], [80.69745, 53.2346087], [80.6975466, 53.2347147], [80.6977665, 53.2347147], [80.6978577, 53.234689], [80.6982601, 53.2344193], [80.6985658, 53.2342748], [80.6986517, 53.2341656], [80.6986302, 53.2341111], [80.6985605, 53.2340693], [80.6983727, 53.2338221], [80.6983083, 53.2337739], [80.6982225, 53.2337386], [80.6980133, 53.2337579], [80.6979006, 53.2337386], [80.6977129, 53.2336712], [80.6976807, 53.2336134], [80.6978202, 53.2335267], [80.6977719, 53.2334753], [80.6976646, 53.2334753], [80.6975681, 53.233456], [80.6973374, 53.2333372], [80.697273, 53.2332859], [80.6971335, 53.2331285], [80.6968063, 53.2326244], [80.6967741, 53.2325024], [80.6968009, 53.2324446], [80.6968653, 53.2323996], [80.6969565, 53.2323804], [80.6970423, 53.2324125], [80.6972301, 53.2325602], [80.697391, 53.2326437], [80.6977612, 53.2327464], [80.6979489, 53.2327753], [80.6981528, 53.2327721], [80.6982279, 53.2327336], [80.6982654, 53.2326758], [80.6982815, 53.2325538], [80.698185, 53.2323772], [80.6981528, 53.2322616], [80.6981742, 53.2318955], [80.6978202, 53.2315166], [80.6977075, 53.2312886], [80.6976163, 53.2311794], [80.6973803, 53.2310671], [80.6972837, 53.2310382], [80.6970584, 53.2310382], [80.6968331, 53.231173], [80.6966132, 53.2313946], [80.6965274, 53.2314299], [80.6963128, 53.2314492], [80.6962162, 53.2314363], [80.6961465, 53.2313946], [80.6961143, 53.2313336], [80.6960875, 53.2310895], [80.6960231, 53.2310349], [80.6959426, 53.2309932], [80.6954277, 53.2308198], [80.6952292, 53.2307781], [80.6951272, 53.2307845], [80.6949288, 53.2308648], [80.6948322, 53.2308744], [80.6947303, 53.2308583], [80.6942904, 53.2306592], [80.6940651, 53.2305083], [80.6938398, 53.2303895], [80.6936413, 53.2303092], [80.693534, 53.2302868], [80.6934321, 53.2302964], [80.6930244, 53.2304923], [80.6929278, 53.2305083], [80.6924879, 53.2305115], [80.6919408, 53.2304248], [80.6916833, 53.2304024], [80.6909269, 53.2303991], [80.690825, 53.230412], [80.6905138, 53.2304666], [80.6902349, 53.2305501], [80.6890494, 53.2310285], [80.6886363, 53.2311281], [80.688352, 53.2311345], [80.688014, 53.2310157], [80.6875956, 53.2308904], [80.6874293, 53.2308583], [80.686689, 53.2307748], [80.6864852, 53.2307267], [80.6863081, 53.2306592], [80.6862009, 53.2305597], [80.6861579, 53.2303767], [80.6861365, 53.2301262], [80.6859648, 53.2298918], [80.6858146, 53.2298083], [80.6850207, 53.2290055], [80.6848973, 53.2289027], [80.6847417, 53.228816], [80.6844681, 53.2287229], [80.6842428, 53.2286972], [80.6840283, 53.2287004], [80.6835025, 53.2288032], [80.6832987, 53.2288032], [80.6831109, 53.2287486], [80.6830412, 53.2287036], [80.6828588, 53.2284082], [80.6827408, 53.2283086], [80.6826603, 53.2282733], [80.6824297, 53.2282508], [80.6819737, 53.2283054], [80.6816411, 53.2283086], [80.6812388, 53.2282123], [80.6811368, 53.2282059], [80.6810242, 53.2282091], [80.6808418, 53.2282637], [80.6806862, 53.2283504], [80.6799459, 53.2293106], [80.6799298, 53.2293812], [80.6798226, 53.2295161], [80.6796133, 53.229773], [80.6790394, 53.2303253], [80.6788838, 53.2304248], [80.6787819, 53.2304634], [80.6786799, 53.2304858], [80.6782401, 53.2304794], [80.6778377, 53.2304184], [80.6776553, 53.2303606], [80.6775695, 53.2302514], [80.6774515, 53.2300106], [80.6773013, 53.2298468], [80.6772315, 53.2298051], [80.6771403, 53.2297762], [80.6769258, 53.2297601], [80.6766093, 53.2298051], [80.6764591, 53.2298918], [80.6763786, 53.230001], [80.6763732, 53.230062], [80.6763947, 53.230123], [80.6765556, 53.230412], [80.6765771, 53.230534], [80.676561, 53.2305982], [80.6764752, 53.2306368], [80.6763625, 53.2306336], [80.6762713, 53.2305982], [80.6761318, 53.2305083], [80.6759012, 53.2302322], [80.6758261, 53.2301904], [80.6757241, 53.2301744], [80.6755525, 53.2302514], [80.6753325, 53.2306785], [80.6752145, 53.2307781], [80.6751233, 53.230807], [80.675016, 53.230807], [80.6749302, 53.2307748], [80.674426, 53.230518], [80.6740987, 53.2304473], [80.6738841, 53.2304473], [80.6734443, 53.2305276], [80.6733316, 53.230534], [80.6732297, 53.2305212], [80.6729507, 53.2304313], [80.6726342, 53.230184], [80.6724411, 53.230139], [80.6723285, 53.2301455], [80.6722426, 53.2301808], [80.672189, 53.2302386], [80.672189, 53.2303028], [80.6726611, 53.2306368], [80.6727362, 53.2307556], [80.6727201, 53.2308166], [80.6725055, 53.2308294], [80.6718135, 53.2306881], [80.6713146, 53.2305693], [80.6711376, 53.2305019], [80.6711054, 53.2304473], [80.6711322, 53.2303863], [80.67132, 53.2302482], [80.6713951, 53.2301358], [80.6713951, 53.2300748], [80.6713039, 53.2299721], [80.6712127, 53.2299367], [80.6711054, 53.2299207], [80.6709981, 53.2299175], [80.6707889, 53.2299496], [80.670703, 53.2299785], [80.6706387, 53.2300363], [80.6706065, 53.2301647], [80.6706119, 53.230229], [80.6706601, 53.2303542], [80.6707728, 53.2305308], [80.6707513, 53.2306496], [80.6707138, 53.2307042], [80.6703919, 53.2307716], [80.6701988, 53.2307235], [80.6701344, 53.2306785], [80.6700432, 53.2305693], [80.6699628, 53.230534], [80.6698608, 53.2305244], [80.6696194, 53.230534], [80.6693083, 53.230579], [80.6687075, 53.2305661], [80.6684929, 53.230579], [80.6682783, 53.2305501], [80.6678706, 53.2304377], [80.6677312, 53.230351], [80.6677204, 53.23029], [80.6678277, 53.230184], [80.6687397, 53.2297633], [80.6688952, 53.2296156], [80.6689113, 53.229561], [80.6688791, 53.2295], [80.668804, 53.2294583], [80.6686217, 53.2293973], [80.6681228, 53.2292688], [80.6680316, 53.2292367], [80.6679028, 53.2291371], [80.667876, 53.2290826], [80.6679296, 53.2288963], [80.6678921, 53.2287743], [80.6679243, 53.2285045], [80.6678814, 53.2283793], [80.6679028, 53.2283215], [80.6681764, 53.2280774], [80.668214, 53.2280228], [80.6682461, 53.2279008], [80.6682032, 53.227782], [80.6681067, 53.2276792], [80.6678009, 53.2275026], [80.6675971, 53.2274641], [80.6672752, 53.2274705], [80.6667441, 53.2275829], [80.6664383, 53.227615], [80.6661165, 53.2276118], [80.6654888, 53.2275026], [80.6653815, 53.2275026], [80.6650865, 53.22757], [80.6648076, 53.2277627], [80.6643784, 53.2279522], [80.6641692, 53.2279715], [80.6638473, 53.2279265], [80.663681, 53.2278559], [80.6636327, 53.2278045], [80.6636006, 53.2276889], [80.6636274, 53.2275668], [80.6637132, 53.2274576], [80.6638473, 53.2271783], [80.6638795, 53.2270016], [80.6638581, 53.2268089], [80.6637347, 53.2267094], [80.6636488, 53.2266741], [80.6634611, 53.2266323], [80.6631392, 53.2266227], [80.6629515, 53.2266837], [80.662576, 53.2269021], [80.6622863, 53.226931], [80.6622219, 53.2269792], [80.66212, 53.2269792], [80.661943, 53.2269246], [80.6617445, 53.2267865], [80.6616962, 53.2267351], [80.6616104, 53.2265617], [80.6614762, 53.2264011], [80.6614011, 53.2263561], [80.66131, 53.2263272], [80.6611919, 53.226324], [80.6610954, 53.2263529], [80.6607413, 53.2265938], [80.660575, 53.2266773], [80.66028, 53.22678], [80.660162, 53.2267929], [80.6598401, 53.2267833], [80.659529, 53.2267287], [80.6594485, 53.2266965], [80.6593895, 53.2266452], [80.659368, 53.2265874], [80.6592715, 53.2264814], [80.6592554, 53.2264236], [80.6592607, 53.2263626], [80.6595075, 53.226035], [80.6595182, 53.225974], [80.6594968, 53.2259162], [80.6593466, 53.225762], [80.6592715, 53.2257203], [80.6589121, 53.2255854], [80.6587297, 53.2254344], [80.6585902, 53.2252771], [80.658499, 53.2252546], [80.6582951, 53.225306], [80.6579143, 53.2254601], [80.6575817, 53.2254762], [80.6574851, 53.2254666], [80.6573081, 53.2254055], [80.6570131, 53.2252257], [80.6568038, 53.2252161], [80.6566161, 53.2252803], [80.6563479, 53.225473], [80.6561065, 53.225579], [80.6559992, 53.225595], [80.6558973, 53.2255822], [80.6558168, 53.2255436], [80.6555915, 53.2253253], [80.655511, 53.2252899], [80.6552964, 53.2252674], [80.6548727, 53.2252899], [80.6546742, 53.2253285], [80.6545883, 53.2253702], [80.654465, 53.2254762], [80.6543523, 53.2257138], [80.6542772, 53.2258327], [80.6542182, 53.2258841], [80.654127, 53.2259097], [80.6540197, 53.2259097], [80.6538588, 53.2258327], [80.6538159, 53.2257781], [80.6537729, 53.2256592], [80.6536817, 53.2256368], [80.6535745, 53.2256496], [80.6532419, 53.2258102], [80.6530327, 53.225868], [80.6528342, 53.2258937], [80.6527376, 53.2258841], [80.6526518, 53.2258519], [80.652582, 53.225807], [80.6525606, 53.2257427], [80.6525552, 53.2255661], [80.652464, 53.2251037], [80.6523192, 53.2249431], [80.652287, 53.2248821], [80.6522924, 53.2248243], [80.6524104, 53.2247279], [80.6528342, 53.2245513], [80.6528878, 53.2244999], [80.6529093, 53.2243746], [80.6529146, 53.2239764], [80.6528181, 53.2238544], [80.6526732, 53.2237548], [80.652566, 53.2236488], [80.6524908, 53.2236038], [80.6518364, 53.2229744], [80.6511605, 53.2224027], [80.6507796, 53.2218952], [80.6507528, 53.2217635], [80.6505972, 53.2213042], [80.650447, 53.2210569], [80.6503934, 53.2209285], [80.650388, 53.2208707], [80.6502485, 53.2207004], [80.6501734, 53.2206555], [80.6498516, 53.2202797], [80.6493205, 53.2199585], [80.6491435, 53.2198718], [80.6489664, 53.2197208], [80.6484407, 53.219011], [80.6482851, 53.2189274], [80.6477165, 53.2186833], [80.647223, 53.2185548], [80.6470191, 53.2185259], [80.6469065, 53.2185259], [80.6465632, 53.2185645], [80.646134, 53.2186608], [80.6448948, 53.2187668]]}}, {"type": "Feature", "properties": {"id": 0.3087761933685429, "osm_id": 524812586, "name_kz": "Шульгинка", "name_ru": "Шульгинка", "name_en": "", "object_type": "river"}, "geometry": {"type": "LineString", "coordinates": [[85.344211, 52.4432017], [85.3429878, 52.443056], [85.3417754, 52.4430495], [85.3399515, 52.4434092], [85.3385675, 52.4438212], [85.336808, 52.4441351], [85.3356063, 52.4442201], [85.3342545, 52.4441351], [85.3333318, 52.4438866], [85.3308213, 52.4429318], [85.3299522, 52.4425067], [85.329287, 52.4419574], [85.3286326, 52.4406101], [85.3276831, 52.4399267], [85.3274256, 52.43958], [85.3274095, 52.4382229], [85.3276294, 52.4378828], [85.3275382, 52.4374577], [85.3269482, 52.436712], [85.3260684, 52.4361234], [85.3247809, 52.4357505], [85.3229034, 52.4354104], [85.320586, 52.4351553], [85.3191268, 52.4352011], [85.3178286, 52.4354366], [85.316627, 52.435829], [85.315876, 52.4363915], [85.3154147, 52.4372222], [85.3149104, 52.4377585], [85.3142345, 52.4381117], [85.3131831, 52.4384191], [85.3114343, 52.4389489], [85.3107476, 52.4391647], [85.3098786, 52.4391778], [85.3092348, 52.4392824], [85.3081941, 52.4395898], [85.3066063, 52.4402046], [85.305115, 52.4406428], [85.3028512, 52.4413688], [85.3015315, 52.4421601], [85.3007376, 52.4425198], [85.2996004, 52.4428729], [85.2970362, 52.4434353], [85.2963495, 52.4436708], [85.2959847, 52.4440108], [85.2956951, 52.4445929], [85.2957165, 52.4452207], [85.2960169, 52.4456261], [85.2960706, 52.4460185], [85.2956843, 52.4466462], [85.2949333, 52.4471367], [85.2938282, 52.4474375], [85.2931094, 52.447771], [85.2915323, 52.4480521], [85.2903306, 52.4479606], [85.2890861, 52.447614], [85.2880883, 52.4470844], [85.2866721, 52.4463977], [85.285846, 52.4454365], [85.284698, 52.4444751], [85.2839148, 52.444279], [85.2826917, 52.4440762], [85.2814793, 52.4440762], [85.2799451, 52.4444098], [85.2784538, 52.4449852], [85.2774453, 52.4453449], [85.2763939, 52.4459792], [85.2759862, 52.4467901], [85.2758038, 52.4473525], [85.2757501, 52.4481764], [85.2760398, 52.4490068], [85.2764153, 52.449628], [85.2776813, 52.4508769], [85.2780354, 52.4518381], [85.2784431, 52.4520342], [85.2783143, 52.4525181], [85.277853, 52.4531392], [85.2776277, 52.4544861], [85.2772951, 52.4554406], [85.2766406, 52.4561009], [85.2763402, 52.456807], [85.2761044, 52.457227], [85.2760613, 52.4573039], [85.2753523, 52.4576956], [85.2741623, 52.4568593], [85.2725315, 52.456114], [85.2709651, 52.4556956], [85.2689695, 52.4555125], [85.2670169, 52.4554733], [85.2656007, 52.4556302], [85.2637338, 52.4560748]]}}, {"type": "Feature", "properties": {"id": 0.5085013654772619, "osm_id": 526101957, "name_kz": "Первая Шумишка", "name_ru": "Первая Шумишка", "name_en": "", "object_type": "river"}, "geometry": {"type": "LineString", "coordinates": [[83.5109585, 50.9850521], [83.5108995, 50.985454], [83.5108352, 50.9856025], [83.5108083, 50.985687], [83.5108942, 50.9860719], [83.5109156, 50.9861969], [83.5109532, 50.9862543], [83.5110336, 50.9863016], [83.5111195, 50.9863286], [83.5114038, 50.9863725], [83.511495, 50.986413], [83.5115647, 50.9864704], [83.5117149, 50.9866696], [83.5117471, 50.9867406], [83.5118705, 50.9868317], [83.5120797, 50.9869094], [83.5124391, 50.9869364], [83.5126215, 50.9868858], [83.5127985, 50.9867541], [83.5128951, 50.9867439], [83.5129917, 50.9867642], [83.5130721, 50.9868013], [83.5131311, 50.9868587], [83.5131526, 50.9869837], [83.5130507, 50.9871728], [83.5130453, 50.9873687], [83.5132223, 50.9876185], [83.513217, 50.9877975], [83.5130238, 50.9881149], [83.5130078, 50.9883986], [83.5130185, 50.9884695], [83.5131258, 50.9885877], [83.5132921, 50.9886552], [83.513453, 50.9887295], [83.5135388, 50.9887802], [83.5136032, 50.9888308], [83.5136461, 50.9888882], [83.5136676, 50.9889524], [83.5136676, 50.9890165], [83.5136354, 50.9890773], [83.5133457, 50.9892765], [83.5133082, 50.9893373], [83.5133028, 50.9894724], [83.513335, 50.9895298], [83.5134959, 50.9896075], [83.5138178, 50.9896649], [83.5139143, 50.9896919], [83.5139894, 50.9897425], [83.5140324, 50.9897999], [83.5140377, 50.990222], [83.5139948, 50.9904516], [83.5140109, 50.9906103], [83.5140699, 50.9907386], [83.5143274, 50.9911033], [83.5144561, 50.9913734], [83.5145044, 50.9914342], [83.5145634, 50.9914849], [83.5146439, 50.991522], [83.5148263, 50.9915591], [83.5151106, 50.9916604], [83.515234, 50.9917617], [83.5153413, 50.9919373], [83.5153574, 50.9922142], [83.5154164, 50.9923492], [83.5155559, 50.9924505], [83.5157919, 50.9925721], [83.515867, 50.9926936], [83.5158884, 50.992957], [83.5161889, 50.9932271], [83.5166985, 50.9936188], [83.5167682, 50.9936762], [83.5168809, 50.9937944], [83.5169238, 50.9938619], [83.5169989, 50.9940611], [83.5169721, 50.9942569], [83.5169721, 50.9943278], [83.5169935, 50.9943886], [83.5170257, 50.994446], [83.5173261, 50.9948005], [83.5173744, 50.9948714], [83.5175407, 50.9950436], [83.517648, 50.9951719], [83.5176909, 50.9952293], [83.5177231, 50.9952901], [83.5177553, 50.9953542], [83.517766, 50.9954218], [83.5177606, 50.9954927], [83.5176748, 50.9957526], [83.5175997, 50.9960734], [83.5173798, 50.9964583], [83.5170633, 50.9966743], [83.5170096, 50.9967317], [83.5169721, 50.9967925], [83.5169452, 50.9968634], [83.5169345, 50.9969309], [83.5169077, 50.9972044], [83.5169291, 50.9975015], [83.5169077, 50.9976365], [83.5166824, 50.9980214], [83.5165429, 50.9982172], [83.5164195, 50.9985582], [83.5164195, 50.9987135], [83.5164893, 50.9991423], [83.5164893, 50.9992064], [83.5165805, 50.9994022], [83.5167253, 50.99949], [83.5169131, 50.9995474], [83.517251, 50.9995744], [83.5174495, 50.9996183], [83.5175085, 50.9996824], [83.5175461, 50.9997499], [83.5175514, 50.9998141], [83.5174656, 50.9999322], [83.5172135, 51.0000605], [83.5170793, 51.0001618], [83.5169935, 51.0002867], [83.5169721, 51.0004251], [83.5169935, 51.0005635], [83.5170472, 51.0006851], [83.5173958, 51.001232], [83.5174495, 51.0016067], [83.5174549, 51.0020286], [83.5174334, 51.0020962], [83.5174012, 51.0021569], [83.5173476, 51.0022143], [83.5172725, 51.0022548], [83.5171813, 51.0022818], [83.5165966, 51.0023325], [83.5164624, 51.002427], [83.5163927, 51.0025553], [83.5166073, 51.0030988], [83.516618, 51.0035781], [83.5166717, 51.0037773], [83.5166717, 51.0039123], [83.516559, 51.0045165], [83.5163015, 51.0050195], [83.5159206, 51.0053436], [83.5158724, 51.0054043], [83.5158187, 51.005536], [83.5158348, 51.0056676], [83.5160601, 51.0059782], [83.516162, 51.0062043], [83.5159689, 51.0063697], [83.5158026, 51.0064676], [83.5156202, 51.0065925], [83.5154861, 51.0066971], [83.5154325, 51.0067748], [83.5154217, 51.0068423], [83.5154378, 51.0069165], [83.5155451, 51.0070954], [83.5155773, 51.0071629], [83.515588, 51.0072912], [83.5155022, 51.0074093], [83.5150516, 51.0077368], [83.5149229, 51.0079292], [83.5148746, 51.0080642], [83.5148531, 51.0086143], [83.5147726, 51.0088135], [83.5147136, 51.0091544], [83.5146117, 51.0094042], [83.5145903, 51.009475], [83.5145473, 51.0095358], [83.5144883, 51.0095966], [83.5143971, 51.0096303], [83.5142899, 51.0096303], [83.5140806, 51.0095999], [83.5136676, 51.009502], [83.5132277, 51.0094548], [83.5131258, 51.0094885], [83.5130346, 51.0095358], [83.5129595, 51.0095831], [83.5128951, 51.0096404], [83.5127717, 51.0099813], [83.5126215, 51.0103222], [83.5125357, 51.0104404], [83.5123211, 51.0106766], [83.5122889, 51.0107407], [83.5122514, 51.0110074], [83.5121924, 51.0111356], [83.5119671, 51.0113719], [83.5119134, 51.011436], [83.5117096, 51.0117432], [83.5116452, 51.0117904], [83.5115111, 51.0120132], [83.5114306, 51.0122123], [83.5110497, 51.012786], [83.5110176, 51.0128468], [83.5109854, 51.0129852], [83.5109746, 51.0131235], [83.5110712, 51.0134408], [83.5112053, 51.0136737], [83.5112053, 51.0137412], [83.5111141, 51.0138694], [83.5109103, 51.0139369], [83.5108298, 51.0139774], [83.5107815, 51.0140415], [83.5107815, 51.0141698], [83.5108942, 51.0143554], [83.5108888, 51.0144195], [83.510685, 51.0146625], [83.5104114, 51.0152295], [83.5103202, 51.0154421], [83.5101002, 51.01581], [83.5100734, 51.0158808], [83.5100573, 51.0159517], [83.510052, 51.0160158], [83.5100466, 51.0160799], [83.5100573, 51.0161542], [83.5100895, 51.016279], [83.5102129, 51.0165254], [83.5103095, 51.0166401], [83.5104489, 51.0168899], [83.5104489, 51.0169574], [83.5103738, 51.0170755], [83.5103631, 51.017143], [83.5104221, 51.0174062], [83.5103363, 51.0176728], [83.5103524, 51.0178753], [83.5104382, 51.0180035], [83.5106206, 51.0181621], [83.5107118, 51.018287], [83.510921, 51.0184895], [83.5109264, 51.0187662], [83.5107923, 51.0190226], [83.510744, 51.0192116], [83.5107493, 51.0193432], [83.5109317, 51.0196604], [83.5109532, 51.0197853], [83.5109478, 51.0202948], [83.5108781, 51.0203893], [83.5108459, 51.0205378], [83.5108566, 51.0206053], [83.5109854, 51.0208719], [83.5110176, 51.0210676], [83.5109425, 51.0214219], [83.5109371, 51.0217526], [83.5109371, 51.0218268], [83.5110229, 51.0220124], [83.511318, 51.0223734], [83.5114038, 51.0225692], [83.5113931, 51.022775], [83.5112911, 51.0230314], [83.5112911, 51.0232271], [83.5114253, 51.0233284], [83.5115057, 51.0233115], [83.511672, 51.0235612], [83.5116827, 51.0236287], [83.5115969, 51.0237535], [83.5113233, 51.0240471], [83.511259, 51.0241753], [83.511259, 51.024317], [83.5113716, 51.0245701], [83.5114038, 51.0247691], [83.5111999, 51.0252584], [83.5111356, 51.0253461], [83.5111248, 51.0254845], [83.5111946, 51.0256768], [83.5111946, 51.025886], [83.5110819, 51.0260682], [83.5108244, 51.026382], [83.5107601, 51.0265102], [83.5107493, 51.0265743], [83.510744, 51.0266384], [83.5107654, 51.0266991], [83.5111356, 51.0271411], [83.5112214, 51.0273435], [83.5115057, 51.0276472], [83.5117364, 51.0278058], [83.51201, 51.027934], [83.5124499, 51.028106], [83.5125947, 51.0282073], [83.5128897, 51.0287606], [83.5128468, 51.0288213], [83.5125786, 51.0290541], [83.5121655, 51.0293206], [83.5120904, 51.0294488], [83.5120422, 51.0296648], [83.511951, 51.0297963], [83.5118812, 51.0298604], [83.5117203, 51.0299482], [83.5112375, 51.0300932], [83.5109854, 51.0302079], [83.5107225, 51.0305892], [83.5106957, 51.0307174], [83.5107332, 51.0308388], [83.5108674, 51.0311256], [83.5106367, 51.0315203], [83.5109049, 51.031915], [83.5111999, 51.0321444], [83.5112643, 51.0323064], [83.5113716, 51.0325493], [83.5117042, 51.0328799], [83.5120046, 51.0330823], [83.5121012, 51.033197], [83.512069, 51.0334601], [83.5118437, 51.0341348], [83.5115862, 51.0347825], [83.5114896, 51.0348904], [83.5111248, 51.0350254], [83.5108673, 51.0352278], [83.5108137, 51.0354842], [83.5107171, 51.0356056], [83.5100305, 51.0359092], [83.509891, 51.0360037], [83.5096764, 51.0363612], [83.5095799, 51.036901], [83.509537, 51.0370224], [83.5093439, 51.0372518], [83.5089683, 51.0375621], [83.508904, 51.0376903], [83.508904, 51.0379466], [83.5091507, 51.0384459], [83.5088932, 51.0395118]]}}, {"type": "Feature", "properties": {"id": 0.635564498404944, "osm_id": 527570604, "name_kz": "Сасықкөл", "name_ru": "озеро Сасыкколь", "name_en": "", "object_type": "lake"}, "geometry": {"type": "Polygon", "coordinates": [[[75.3226089, 52.2304017], [75.329647, 52.2299023], [75.3371572, 52.2272474], [75.3405475, 52.2248815], [75.3425216, 52.2206752], [75.3421354, 52.2164684], [75.3416204, 52.2135498], [75.3389167, 52.2136024], [75.3332519, 52.2131291], [75.3311061, 52.2123665], [75.3338956, 52.2103154], [75.3347539, 52.2085271], [75.3343248, 52.2058973], [75.3336811, 52.2050031], [75.3319644, 52.2050031], [75.3296041, 52.2064758], [75.3259992, 52.2069229], [75.3216648, 52.2072911], [75.3166866, 52.2070018], [75.3131246, 52.2073174], [75.313425, 52.2092372], [75.3202915, 52.2107624], [75.3239822, 52.2119721], [75.3272008, 52.2118669], [75.3287029, 52.2125243], [75.3285741, 52.2130765], [75.3264713, 52.2163633], [75.3229093, 52.2168103], [75.3191757, 52.2151012], [75.3161287, 52.2144701], [75.3132963, 52.2165736], [75.320549, 52.2209907], [75.3218364, 52.2234094], [75.3227806, 52.2253547], [75.3217077, 52.227668], [75.3212356, 52.2291926], [75.3220939, 52.2297446], [75.3226089, 52.2304017]]]}}, {"type": "Feature", "properties": {"id": 0.37403102151746626, "osm_id": 533389416, "name_kz": "Шүлбі", "name_ru": "Шульвинка", "name_en": "", "object_type": "river"}, "geometry": {"type": "LineString", "coordinates": [[81.3455406, 50.5334251], [81.3455573, 50.5332495], [81.345597, 50.5328312], [81.3456782, 50.5323478], [81.3465657, 50.5310582], [81.3473127, 50.5306724], [81.3470676, 50.5302199], [81.3465178, 50.5299033], [81.3461428, 50.5297735], [81.3458151, 50.5292929], [81.3459331, 50.5289689], [81.3458151, 50.5287916], [81.3457144, 50.5286482], [81.3460189, 50.528113], [81.346271, 50.5277447], [81.3464427, 50.5275946], [81.3466358, 50.5276185], [81.3469429, 50.5277078], [81.3479546, 50.5277493], [81.3486807, 50.5275612], [81.349023, 50.5274411], [81.349082, 50.5269705], [81.3494468, 50.526326], [81.3495755, 50.526118], [81.3498169, 50.5260054], [81.349951, 50.5260054], [81.3501549, 50.5257599], [81.3502729, 50.5257428], [81.3503587, 50.5257701], [81.3505787, 50.5256985], [81.3507315, 50.5255894], [81.350643, 50.5254564], [81.3506752, 50.5253029], [81.3507986, 50.5249619], [81.3508952, 50.5237955], [81.3520217, 50.5230315], [81.3522792, 50.5227178], [81.3521719, 50.5223494], [81.3519733, 50.5221633], [81.350981, 50.5216878], [81.3495326, 50.5212717], [81.3490605, 50.5208351], [81.3487494, 50.5193549], [81.3482559, 50.5186591], [81.348052, 50.518318], [81.3465714, 50.5178336], [81.346432, 50.5174448], [81.3461423, 50.5170355], [81.3460243, 50.5166671], [81.3460779, 50.5163669], [81.3474512, 50.5153504], [81.3473225, 50.5152208], [81.347183, 50.5151048], [81.3468987, 50.5149786], [81.3463408, 50.5148183], [81.3453859, 50.5146853], [81.3441735, 50.5142486], [81.3438356, 50.5139177], [81.3433045, 50.5135425], [81.3431597, 50.5129285], [81.3432133, 50.5126965], [81.3434386, 50.512369], [81.3438141, 50.5118232], [81.3440072, 50.5117004], [81.3442218, 50.5116458], [81.3444042, 50.511448], [81.344372, 50.5113047], [81.3440425, 50.5112031], [81.3433099, 50.5106088], [81.3423013, 50.5099606], [81.3395762, 50.5088553], [81.3383746, 50.5076408], [81.3387823, 50.5069584], [81.3386106, 50.5060441], [81.3392575, 50.5048506], [81.347626, 50.4913652], [81.3558142, 50.4871167], [81.3530076, 50.4798585], [81.3414118, 50.4782581], [81.3322966, 50.4661418], [81.3288634, 50.4608967], [81.3146155, 50.4529185], [81.3093424, 50.4487738], [81.3075828, 50.4485962], [81.3061237, 50.4487192], [81.3058448, 50.4483503], [81.3045358, 50.4482409], [81.3034844, 50.4491018], [81.3039565, 50.4497713], [81.3048148, 50.4498396], [81.3058877, 50.4492247], [81.306746, 50.4493204], [81.3076257, 50.4499899], [81.3069606, 50.4512059], [81.3055444, 50.4515474], [81.3037634, 50.4513015], [81.3030553, 50.4505501], [81.3020253, 50.4502631], [81.3006949, 50.4498942], [81.2992573, 50.4495526], [81.2989998, 50.4489924], [81.3009739, 50.4484322], [81.3022828, 50.4485415], [81.3024974, 50.4475578], [81.2989461, 50.4458292], [81.2951481, 50.4444149], [81.2934022, 50.443648], [81.2896525, 50.4405322], [81.2870775, 50.4338628], [81.2819277, 50.4306918], [81.2733446, 50.4311292], [81.2664782, 50.4269737], [81.2639033, 50.4241303], [81.2551485, 50.420193], [81.2467371, 50.420193], [81.2415873, 50.4160366], [81.229056, 50.4124267], [81.2319742, 50.4070662], [81.227511, 50.4005015], [81.2252794, 50.3961245], [81.2148871, 50.3856353], [81.1901626, 50.3767375], [81.174618, 50.370024], [81.1678979, 50.3638679]]}}, {"type": "Feature", "properties": {"id": 0.4037988611503991, "osm_id": 533951030, "name_kz": "Теңізсор көлі", "name_ru": "озеро Тенгизсор", "name_en": "", "object_type": "lake"}, "geometry": {"type": "Polygon", "coordinates": [[[78.592077, 51.2057879], [78.5935736, 51.2053038], [78.5951614, 51.2043492], [78.5956871, 51.2041745], [78.5970497, 51.2032871], [78.5972214, 51.203025], [78.5981548, 51.2023258], [78.5993457, 51.2011494], [78.599807, 51.2003024], [78.5999679, 51.1994284], [78.600086, 51.1985948], [78.6010837, 51.1970014], [78.6028647, 51.1959055], [78.6043882, 51.1953004], [78.605622, 51.1951928], [78.6062336, 51.1950516], [78.6062443, 51.1947827], [78.6053216, 51.1945205], [78.6031437, 51.1944129], [78.601588, 51.1940431], [78.600719, 51.1935994], [78.5980153, 51.1935994], [78.5959875, 51.1935388], [78.5942709, 51.1939961], [78.5920393, 51.194776], [78.5908592, 51.1949777], [78.5886168, 51.1950987], [78.5873079, 51.1951794], [78.5862243, 51.1950315], [78.5844433, 51.1951928], [78.5832631, 51.1954819], [78.581332, 51.1961341], [78.5797977, 51.1966182], [78.5772657, 51.1984132], [78.5754633, 51.2000267], [78.5729312, 51.2011562], [78.5707426, 51.2024469], [78.5689401, 51.2039258], [78.5695838, 51.2051357], [78.570764, 51.2074077], [78.5716438, 51.2089805], [78.572309, 51.2098274], [78.5736608, 51.210271], [78.5753345, 51.2104189], [78.5771799, 51.2103382], [78.5777807, 51.2097468], [78.5794544, 51.2090074], [78.5826516, 51.2082143], [78.5844326, 51.2076228], [78.586235, 51.2072733], [78.5874152, 51.2069506], [78.5892391, 51.2065608], [78.590945, 51.2061642], [78.592077, 51.2057879]]]}}, {"type": "Feature", "properties": {"id": 0.7519586049591294, "osm_id": 589079896, "name_kz": "залив Шубинский", "name_ru": "залив Шубинский", "name_en": "", "object_type": "river"}, "geometry": {"type": "LineString", "coordinates": [[83.8000899, 53.2874325], [83.8001704, 53.2889173], [83.8002884, 53.2905399], [83.7995803, 53.2940606], [83.7986576, 53.2972156], [83.7982821, 53.2989148], [83.7980246, 53.3014795], [83.7985638, 53.3020434]]}}, {"type": "Feature", "properties": {"id": 0.9317410333783303, "osm_id": 595225167, "name_kz": "озеро Тобольное", "name_ru": "озеро Тобольное", "name_en": "", "object_type": "lake"}, "geometry": {"type": "Polygon", "coordinates": [[[81.2479453, 52.185933], [81.2480552, 52.1859174], [81.2481599, 52.1858795], [81.2483275, 52.1857677], [81.2483972, 52.1856921], [81.2484334, 52.1856699], [81.2484978, 52.1856411], [81.2485179, 52.1856353], [81.2489766, 52.1855811], [81.249167, 52.185558], [81.2493896, 52.1855235], [81.2494218, 52.1855054], [81.2494379, 52.1854807], [81.2493923, 52.1854002], [81.2493816, 52.1853706], [81.2493762, 52.185341], [81.249387, 52.185313], [81.2494111, 52.1852883], [81.2494567, 52.1852851], [81.2495023, 52.1852916], [81.2496284, 52.1853245], [81.2497276, 52.185336], [81.2497759, 52.1853459], [81.2498161, 52.1853591], [81.2499475, 52.1854018], [81.25002, 52.1854413], [81.2501004, 52.1854709], [81.2503231, 52.1855383], [81.2503821, 52.1855843], [81.2504598, 52.1856271], [81.2505242, 52.1856682], [81.2507683, 52.1858968], [81.2508246, 52.1859461], [81.2508541, 52.1859708], [81.2510285, 52.186076], [81.251125, 52.1861418], [81.2511572, 52.1861681], [81.2512323, 52.186252], [81.2512994, 52.1862964], [81.2514818, 52.1864493], [81.2515086, 52.186474], [81.25153, 52.1865036], [81.2515461, 52.1865332], [81.2515783, 52.1866302], [81.2516159, 52.1866878], [81.2516615, 52.186742], [81.2516883, 52.1867667], [81.2518734, 52.1869279], [81.2519136, 52.186946], [81.2520638, 52.1870528], [81.2523535, 52.1873044], [81.252383, 52.1873324], [81.2524044, 52.1873636], [81.2524635, 52.187487], [81.2525681, 52.1876596], [81.2526941, 52.188028], [81.2526995, 52.1880559], [81.2527612, 52.1881562], [81.2528256, 52.1883322], [81.2529543, 52.1885657], [81.2531099, 52.189008], [81.253126, 52.1890343], [81.2532011, 52.189327], [81.2532064, 52.1893566], [81.2532118, 52.1896], [81.2532011, 52.1898203], [81.2532601, 52.1901097], [81.253244, 52.190307], [81.253244, 52.1903761], [81.2533164, 52.1905603], [81.2533218, 52.1905915], [81.2533218, 52.1906211], [81.253303, 52.1907082], [81.2531877, 52.190899], [81.2531716, 52.1909368], [81.2531662, 52.1909648], [81.2531716, 52.1909976], [81.2532386, 52.1911752], [81.2532145, 52.1912673], [81.2531555, 52.1913133], [81.2531474, 52.1913446], [81.2531313, 52.1913725], [81.2531099, 52.1914005], [81.2530535, 52.1914515], [81.2530214, 52.1914745], [81.2529382, 52.1915123], [81.252847, 52.1915337], [81.2527236, 52.1915929], [81.2526056, 52.1917326], [81.2525198, 52.1918066], [81.2523186, 52.1918855], [81.2522757, 52.1919053], [81.2522382, 52.1919283], [81.2522113, 52.1919513], [81.2521335, 52.1920335], [81.2520021, 52.192119], [81.2518653, 52.1923048], [81.2518251, 52.1923903], [81.2517071, 52.1925482], [81.2516883, 52.1927586], [81.2516454, 52.1928096], [81.2515274, 52.1929148], [81.2514898, 52.1931335], [81.2514818, 52.1931664], [81.251471, 52.1931976], [81.2514523, 52.1932289], [81.251404, 52.1932913], [81.251176, 52.1935561], [81.2511197, 52.1936169], [81.2510848, 52.1936432], [81.2510419, 52.1936613], [81.2508917, 52.1936744], [81.2507039, 52.1937073], [81.2506583, 52.1936991], [81.2505537, 52.1936416], [81.2504277, 52.1935955], [81.2503821, 52.1935873], [81.2502345, 52.1935939], [81.2501836, 52.1936005], [81.2501433, 52.1936153], [81.2501085, 52.1935922], [81.2500763, 52.1935396], [81.250028, 52.1935265], [81.2498698, 52.1935215], [81.2497652, 52.1935298], [81.2496927, 52.1935741], [81.2496901, 52.1936021], [81.2497249, 52.1936514], [81.2497598, 52.1936695], [81.2497625, 52.1936975], [81.2496927, 52.1937731], [81.2496713, 52.1938915], [81.2496901, 52.1939786], [81.2497303, 52.1940148], [81.2495372, 52.1939803], [81.2494433, 52.1939967], [81.2493709, 52.1940411], [81.2493628, 52.1940723], [81.2493628, 52.1941365], [81.249387, 52.1941907], [81.249395, 52.1942203], [81.249395, 52.1942499], [81.2493736, 52.1942746], [81.2492877, 52.1943091], [81.2492555, 52.1943338], [81.2492341, 52.1943913], [81.2492046, 52.1944143], [81.2491134, 52.1944012], [81.2489685, 52.1943929], [81.2489203, 52.1944028], [81.2488639, 52.1944488], [81.2488425, 52.1944752], [81.2488291, 52.1945015], [81.2488398, 52.1945606], [81.2487942, 52.1945491], [81.2487566, 52.1945689], [81.2487325, 52.1945952], [81.2487298, 52.1946231], [81.2486896, 52.1946067], [81.2486386, 52.1946018], [81.2484884, 52.1946165], [81.2484455, 52.1946313], [81.2483972, 52.1946297], [81.2483516, 52.1946182], [81.2480593, 52.1946001], [81.2480056, 52.1946001], [81.2477964, 52.1945722], [81.2476248, 52.1945195], [81.2475497, 52.194485], [81.2475148, 52.1944669], [81.2474826, 52.1944456], [81.2473136, 52.1943074], [81.2472385, 52.1942696], [81.2471902, 52.1942565], [81.246863, 52.1941956], [81.2467638, 52.1941891], [81.2466243, 52.1942137], [81.2465358, 52.1942417], [81.2464258, 52.1942943], [81.2463802, 52.1942992], [81.246289, 52.1943009], [81.2461656, 52.1942565], [81.2460691, 52.1942499], [81.2460369, 52.1941545], [81.2459725, 52.1941101], [81.2458947, 52.1940806], [81.2458518, 52.1940296], [81.2458169, 52.1940082], [81.2457338, 52.1939852], [81.2457016, 52.1939655], [81.245715, 52.1939392], [81.2457472, 52.1939194], [81.2457311, 52.1938652], [81.2457553, 52.1938405], [81.2458464, 52.1938257], [81.2458813, 52.1938093], [81.2458974, 52.193783], [81.2459081, 52.193755], [81.2459081, 52.1937271], [81.2458813, 52.1936153], [81.2458357, 52.1935626], [81.2457633, 52.1935281], [81.2457418, 52.1935034], [81.2457553, 52.1934755], [81.2457874, 52.1934558], [81.2457821, 52.1934262], [81.2456775, 52.193362], [81.2455729, 52.1932322], [81.2455407, 52.1932091], [81.2454575, 52.1931812], [81.2454253, 52.1931582], [81.2454146, 52.1931006], [81.2453717, 52.1930497], [81.2452993, 52.1929757], [81.2452644, 52.1928951], [81.245133, 52.1928589], [81.2450767, 52.1928112], [81.2450284, 52.192808], [81.2449452, 52.1928359], [81.2448513, 52.1928326], [81.2447494, 52.1927784], [81.2447038, 52.1927734], [81.2446582, 52.1927866], [81.2445885, 52.192831], [81.2445429, 52.1928425], [81.2444973, 52.1928458], [81.244449, 52.1928359], [81.2444115, 52.1928178], [81.2443846, 52.1927948], [81.2443659, 52.1927685], [81.2443659, 52.1927389], [81.2443712, 52.1927093], [81.2444195, 52.1926583], [81.2444168, 52.192632], [81.2443659, 52.192586], [81.2442425, 52.1925465], [81.2442103, 52.1925268], [81.2441942, 52.1924988], [81.2442076, 52.1924396], [81.2441969, 52.1924117], [81.2440896, 52.1923525], [81.2440816, 52.1922966], [81.2440869, 52.192267], [81.2440976, 52.1922111], [81.2440842, 52.1921289], [81.2441111, 52.1920746], [81.2441164, 52.1920483], [81.244103, 52.192022], [81.2440655, 52.1920006], [81.2439394, 52.1919628], [81.2439153, 52.1919414], [81.2439287, 52.1919151], [81.243926, 52.1918872], [81.2438965, 52.1918642], [81.2437677, 52.1918214], [81.2437329, 52.1918], [81.2437141, 52.1917754], [81.2437034, 52.1916932], [81.2436363, 52.1916553], [81.2436148, 52.1916323], [81.2436283, 52.1915781], [81.2436819, 52.1914991], [81.2436712, 52.1914712], [81.2436444, 52.1914482], [81.2435719, 52.1914136], [81.243521, 52.191366], [81.2435183, 52.1913396], [81.2435451, 52.1912887], [81.2435049, 52.1912755], [81.2434754, 52.1912541], [81.2434673, 52.1912278], [81.2435102, 52.191121], [81.2435076, 52.1910914], [81.2434807, 52.1910338], [81.2434164, 52.1909582], [81.2434056, 52.1908381], [81.2433761, 52.1907559], [81.243403, 52.1907017], [81.2434325, 52.1905553], [81.2434217, 52.190529], [81.24336, 52.1904879], [81.2433493, 52.1904583], [81.2433681, 52.1904336], [81.2434459, 52.1904024], [81.2434727, 52.190381], [81.2434968, 52.1902988], [81.2435183, 52.1902709], [81.24358, 52.1902281], [81.2435773, 52.1901443], [81.2436175, 52.1900949], [81.2436175, 52.1900111], [81.2436497, 52.1899552], [81.2436658, 52.189868], [81.243698, 52.1898137], [81.2437758, 52.1897184], [81.243816, 52.1896049], [81.2437919, 52.189549], [81.2437275, 52.1895046], [81.2437087, 52.1894783], [81.2437007, 52.1894224], [81.2436175, 52.18935], [81.2435988, 52.1893237], [81.2435934, 52.1892958], [81.2436122, 52.1892333], [81.2436363, 52.189207], [81.2437007, 52.1891659], [81.2438267, 52.1891231], [81.2438723, 52.189133], [81.2439769, 52.1891215], [81.2440601, 52.1890952], [81.2441298, 52.1890261], [81.2442371, 52.1889784], [81.2442908, 52.1889357], [81.2443176, 52.1888814], [81.244382, 52.1888091], [81.2444141, 52.1887531], [81.2444195, 52.1886956], [81.2444007, 52.1886693], [81.244331, 52.1886232], [81.2442157, 52.1885772], [81.2441808, 52.1885558], [81.2441593, 52.1885312], [81.2441432, 52.1884193], [81.2441298, 52.1883914], [81.2441084, 52.1883651], [81.2440172, 52.1883486], [81.2439796, 52.1883289], [81.2439743, 52.1883009], [81.2439314, 52.18825], [81.243926, 52.1882237], [81.2439635, 52.188199], [81.2439957, 52.188176], [81.2440467, 52.1881661], [81.2441888, 52.1881595], [81.2442371, 52.1881118], [81.2442505, 52.1880822], [81.2442505, 52.1880263], [81.2443364, 52.1880165], [81.2443793, 52.1880214], [81.2444141, 52.188005], [81.244677, 52.1876876], [81.2446958, 52.1876284], [81.2446743, 52.1875429], [81.2447199, 52.1874903], [81.2447977, 52.1874672], [81.244846, 52.1874705], [81.2449747, 52.1875034], [81.245074, 52.1875116], [81.2451223, 52.18751], [81.2451571, 52.1874903], [81.2451652, 52.1874623], [81.2452939, 52.1873307], [81.245302, 52.1872748], [81.245369, 52.1872025], [81.2453958, 52.187117], [81.2454039, 52.1870874], [81.2453985, 52.1870611], [81.2453449, 52.1869821], [81.2453368, 52.1869196], [81.2454066, 52.1868095], [81.2453878, 52.1867519], [81.2453851, 52.1867223], [81.2453878, 52.1866944], [81.2454012, 52.186668], [81.245428, 52.1866467], [81.2455648, 52.1866154], [81.2456506, 52.1865135], [81.2457445, 52.1864526], [81.2457848, 52.1864444], [81.2459162, 52.1864822], [81.246002, 52.1864872], [81.2460932, 52.1864937], [81.2461871, 52.1864872], [81.2462434, 52.1864444], [81.2463775, 52.1863046], [81.2464365, 52.186229], [81.2464634, 52.1861435], [81.2464258, 52.1860596], [81.2464339, 52.1860037], [81.2465358, 52.1859116], [81.2465653, 52.185859], [81.2466323, 52.1858146], [81.2466779, 52.1858064], [81.2467128, 52.1858212], [81.2467396, 52.1858787], [81.2467825, 52.1858771], [81.246804, 52.185854], [81.2469381, 52.1858606], [81.2469783, 52.1858524], [81.2470481, 52.1858162], [81.2470695, 52.1857899], [81.2470749, 52.185734], [81.247099, 52.1857077], [81.247142, 52.1856962], [81.2472761, 52.1857192], [81.2473994, 52.1857669], [81.2474906, 52.1857899], [81.2476918, 52.1858688], [81.2477991, 52.1859248], [81.2478236, 52.1859291], [81.2478822, 52.1859396], [81.2479453, 52.185933]]]}}, {"type": "Feature", "properties": {"id": 0.06690934260791526, "osm_id": 617748725, "name_kz": "Шубенка", "name_ru": "Шубенка", "name_en": "", "object_type": "river"}, "geometry": {"type": "LineString", "coordinates": [[84.746211, 53.6664635], [84.7461212, 53.6664945], [84.7458476, 53.6666916], [84.7456706, 53.6668632], [84.7454774, 53.6670062], [84.7453165, 53.6672287], [84.7451019, 53.6673431], [84.7449785, 53.6674957], [84.7447962, 53.6676324], [84.7447264, 53.6677341], [84.7444045, 53.6679311]]}}, {"type": "Feature", "properties": {"id": 0.5222570272538987, "osm_id": 725865154, "name_kz": "Ишимка", "name_ru": "Ишимка", "name_en": "", "object_type": "river"}, "geometry": {"type": "LineString", "coordinates": [[84.5588936, 54.0925769], [84.5589365, 54.0925863], [84.5589982, 54.0926099], [84.5590438, 54.0926178], [84.5590907, 54.0926508], [84.5591095, 54.0926595], [84.5591336, 54.0926642], [84.5591846, 54.0926642], [84.5592061, 54.0926579], [84.5592248, 54.0926186], [84.559245, 54.0926123], [84.5592906, 54.0926131], [84.5593616, 54.0926249], [84.5595226, 54.0926083], [84.5595521, 54.0926123], [84.5595762, 54.0926256], [84.5595923, 54.09265], [84.5596017, 54.0926768], [84.5596178, 54.0926886], [84.5596406, 54.0926941], [84.5596634, 54.0926917], [84.5596848, 54.0926846], [84.5597009, 54.092672], [84.5597143, 54.0926453], [84.5597143, 54.0926319], [84.5596902, 54.0925926], [84.5596862, 54.0925777], [84.5596915, 54.0925619], [84.5597063, 54.0925493], [84.5597237, 54.0925431], [84.5597479, 54.0925399], [84.559772, 54.0925438], [84.5598055, 54.0925651], [84.5598216, 54.0925942], [84.5598431, 54.0925965], [84.559886, 54.0925816], [84.5599423, 54.092536], [84.5599866, 54.0925187], [84.5600107, 54.0925163], [84.5600349, 54.0925202], [84.5600483, 54.0925313], [84.5600469, 54.0925478], [84.559996, 54.0926138], [84.5599946, 54.0926453], [84.5600121, 54.0926697], [84.5600335, 54.0926807], [84.5600805, 54.0926799], [84.5600952, 54.0926705], [84.5601314, 54.0926327], [84.5601797, 54.0926217], [84.5602253, 54.0926249], [84.5602696, 54.0926351], [84.5602843, 54.0926453], [84.5602964, 54.0926728], [84.5603205, 54.0926799], [84.5603929, 54.0926815], [84.5604144, 54.0926768], [84.5604332, 54.0926713], [84.5604788, 54.092676], [84.560574, 54.0927129], [84.5605955, 54.0927169], [84.5606183, 54.0927169], [84.5606437, 54.0927145], [84.5606638, 54.0927074], [84.560684, 54.0926532], [84.5607014, 54.0926429], [84.5607255, 54.0926406], [84.5607711, 54.0926461], [84.5608154, 54.0926437], [84.5608328, 54.0926374], [84.5608596, 54.0925981], [84.5608811, 54.092591], [84.5609052, 54.0925926], [84.5609267, 54.0925981], [84.5609441, 54.0926052], [84.5609602, 54.0926186], [84.5609629, 54.0926736], [84.5610099, 54.0926807], [84.561038, 54.0926815], [84.5610608, 54.0926768], [84.5610729, 54.0926642], [84.5610742, 54.09265], [84.5610608, 54.0926201], [84.561093, 54.0925981], [84.5611158, 54.0925942], [84.5611399, 54.092595], [84.5611601, 54.0925989], [84.5611922, 54.0926201], [84.5612177, 54.0926186], [84.5612392, 54.0926123], [84.5612539, 54.0925871], [84.5612687, 54.0925769], [84.5612915, 54.0925753], [84.5613478, 54.0925989], [84.5613693, 54.0926036], [84.5613921, 54.0926013], [84.5614122, 54.0925942], [84.5614377, 54.0925714], [84.5614605, 54.0925706], [84.5614859, 54.0925753], [84.5615087, 54.092584], [84.5615248, 54.092595], [84.5615329, 54.0926091], [84.5615315, 54.0926225], [84.5615141, 54.0926477], [84.5615222, 54.092661], [84.5615369, 54.092672], [84.5615382, 54.0926862], [84.5615208, 54.0926964], [84.5614699, 54.0927011], [84.5614497, 54.0927106], [84.5614739, 54.0927586], [84.5614833, 54.0927861], [84.5615007, 54.0927979], [84.5615436, 54.0928113], [84.5615758, 54.0928286], [84.5615852, 54.0928404], [84.5615946, 54.092882], [84.561616, 54.0928899], [84.5616643, 54.0928954], [84.5616871, 54.0928923], [84.5617059, 54.092886], [84.56173, 54.0928844], [84.5617756, 54.0928923], [84.5617971, 54.0929033], [84.5618065, 54.0929167], [84.5618051, 54.0929599], [84.5618159, 54.0929733], [84.5618306, 54.0929835], [84.5618682, 54.093], [84.5619071, 54.0930173], [84.5619352, 54.0930425], [84.5619419, 54.0930551], [84.5619406, 54.0930685], [84.5619299, 54.093081], [84.5619003, 54.0930936], [84.5618574, 54.0930976], [84.5617609, 54.0930881], [84.561734, 54.0930905], [84.5617019, 54.0931125], [84.5616965, 54.093129], [84.5617059, 54.0931416], [84.5617233, 54.0931518], [84.5617622, 54.0931652], [84.5618708, 54.0931723], [84.5619124, 54.0931841], [84.5619299, 54.0931927], [84.5619553, 54.0932171], [84.5619754, 54.0932226], [84.5620251, 54.0932179], [84.562068, 54.0932045], [84.5620894, 54.0932085], [84.5621069, 54.0932171], [84.562131, 54.0932431], [84.5621444, 54.093269], [84.5621538, 54.0933312], [84.5621645, 54.0933422], [84.562186, 54.0933406], [84.5622852, 54.0933508], [84.5623067, 54.0933437], [84.562363, 54.0933382], [84.5624086, 54.0933374], [84.562465, 54.0933445], [84.5624958, 54.093365], [84.5625173, 54.0934082], [84.562532, 54.0934185], [84.5626178, 54.0934358], [84.5626567, 54.0934515], [84.5626728, 54.0934649], [84.5626929, 54.0935356], [84.5627251, 54.0935411], [84.5627761, 54.0935325], [84.5627908, 54.0935223], [84.562811, 54.0934963], [84.5628324, 54.0934861], [84.5628579, 54.0934782], [84.5629048, 54.0934704], [84.5629545, 54.0934735], [84.562984, 54.0934947], [84.5630041, 54.0935042], [84.5630269, 54.093505], [84.5630497, 54.093501], [84.5630631, 54.0934908], [84.5630698, 54.0934507], [84.5630819, 54.0934405], [84.5631033, 54.093435], [84.5631516, 54.0934428], [84.5632026, 54.0934829], [84.5632066, 54.0934963], [84.56322, 54.0935073], [84.5632401, 54.0935168], [84.5632669, 54.0935199], [84.5632897, 54.093516], [84.5632991, 54.0935042], [84.5633058, 54.0934759], [84.5633179, 54.0934641], [84.563338, 54.0934586], [84.5633622, 54.0934578], [84.5633836, 54.0934641], [84.5634064, 54.0934861], [84.5634252, 54.093494], [84.5634493, 54.0934924], [84.5634896, 54.0934759], [84.5635164, 54.0934523], [84.5635378, 54.093446], [84.563562, 54.0934436], [84.5636384, 54.0934476], [84.5637591, 54.0934263], [84.5637739, 54.0934177], [84.5638449, 54.0934019], [84.5638691, 54.0934035], [84.5638892, 54.0934122], [84.5639107, 54.0934145], [84.5639335, 54.0934098], [84.5639549, 54.0934027], [84.5639724, 54.0933933], [84.5640032, 54.0933744], [84.564026, 54.0933705], [84.5640971, 54.0933728], [84.5641199, 54.0933681], [84.5641346, 54.0933571], [84.5641413, 54.0933437], [84.564144, 54.0933304], [84.564136, 54.093317], [84.5641172, 54.0933083], [84.564022, 54.0932887], [84.5640086, 54.0932769], [84.5640019, 54.0932462], [84.5640032, 54.0932336], [84.5640126, 54.093221], [84.5640314, 54.0932108], [84.5640501, 54.0932053], [84.5641051, 54.093199], [84.5641279, 54.0931998], [84.5641467, 54.0932053], [84.5641655, 54.093214], [84.5641749, 54.0932258], [84.5641816, 54.0932564], [84.5642151, 54.0932934], [84.5642553, 54.0933123], [84.5643036, 54.0933154], [84.5643237, 54.0933091], [84.5643385, 54.0932832], [84.5643505, 54.0932722], [84.564368, 54.0932635], [84.5644377, 54.0932541], [84.5644552, 54.0932454], [84.5644659, 54.0932328], [84.5644552, 54.0931707], [84.564423, 54.0931526], [84.5644163, 54.0931392], [84.5644256, 54.0931274], [84.5644565, 54.093107], [84.564482, 54.0930692], [84.5645182, 54.0930543], [84.5645638, 54.0930433], [84.5646121, 54.0930449], [84.5646872, 54.093037], [84.5647113, 54.0930386], [84.5647328, 54.0930441], [84.5647515, 54.0930535], [84.5647636, 54.0930661], [84.5647676, 54.0931078], [84.5647824, 54.0931188], [84.564832, 54.0931274], [84.5648535, 54.0931353], [84.5648655, 54.0931644], [84.5648816, 54.093177], [84.5649098, 54.0931856], [84.5649312, 54.0931856], [84.5649514, 54.0931786], [84.5649661, 54.0931668], [84.5649809, 54.0931219], [84.565009, 54.0930991], [84.5650466, 54.093085], [84.5650962, 54.0930771], [84.5651217, 54.0930771], [84.5651391, 54.0930873], [84.5651458, 54.0931015], [84.5651445, 54.0931204], [84.565119, 54.093166], [84.5651163, 54.0931817], [84.5651284, 54.0932085], [84.5651445, 54.0932195], [84.5651686, 54.0932242], [84.5652209, 54.093221], [84.5652531, 54.0932289], [84.5652746, 54.0932352], [84.5653094, 54.0932541], [84.5653322, 54.0932596], [84.565351, 54.0932549], [84.5653765, 54.0932273], [84.5653912, 54.0931833], [84.5653805, 54.0931408], [84.5653845, 54.0931274], [84.5654275, 54.0930928], [84.5654342, 54.093037], [84.5654623, 54.0930118], [84.5654798, 54.0930032], [84.5655616, 54.0929835], [84.565642, 54.0929843], [84.5656662, 54.092989], [84.5664279, 54.0931668], [84.5672983, 54.0931691], [84.5674203, 54.0931888], [84.5675705, 54.0931951], [84.5676631, 54.0932147], [84.567706, 54.0932163], [84.5677569, 54.0932132], [84.5678602, 54.0931849], [84.5678844, 54.0931849], [84.5679474, 54.0932085], [84.5679662, 54.0932336], [84.5680158, 54.0932399], [84.5680869, 54.0932368], [84.5681848, 54.0932863], [84.568221, 54.0933028], [84.5682411, 54.0933091], [84.5683189, 54.0933186], [84.5683403, 54.0933131], [84.5683564, 54.093302], [84.5683564, 54.0932753], [84.5683739, 54.0932667], [84.5684288, 54.0932729], [84.5684718, 54.0932863], [84.5684999, 54.0933076], [84.5685254, 54.0933107], [84.5685723, 54.093306], [84.5686032, 54.0932847], [84.568571, 54.093232], [84.5685858, 54.0932218], [84.5686313, 54.0932155], [84.5686555, 54.0932163], [84.5686756, 54.0932218], [84.5686863, 54.0932509], [84.5687118, 54.0932525], [84.568736, 54.0932478], [84.5687547, 54.0932391], [84.5687655, 54.0932273], [84.5687655, 54.0931864], [84.5687695, 54.0931738], [84.5687802, 54.093162], [84.5688097, 54.0931424], [84.5688285, 54.0931345], [84.5688499, 54.0931306], [84.5689023, 54.0931534], [84.5689224, 54.0931613], [84.5689706, 54.0931676], [84.569039, 54.0931636], [84.5690672, 54.093144], [84.5690913, 54.09314], [84.5691141, 54.0931455], [84.5691477, 54.0931833], [84.5691933, 54.0931849], [84.5692134, 54.0931801], [84.5692281, 54.0931691], [84.5692509, 54.0931298], [84.5692965, 54.0931235], [84.5693448, 54.0931267], [84.5693636, 54.0931188], [84.5693891, 54.0930677], [84.569428, 54.0930543], [84.5694776, 54.0930622], [84.5694964, 54.0930732], [84.5695098, 54.0931149], [84.5695285, 54.0931227], [84.5696278, 54.0931369], [84.569727, 54.0931385], [84.5697525, 54.0931345], [84.5698236, 54.0930999], [84.5698719, 54.0930944], [84.5699215, 54.0931038], [84.5699537, 54.0931235], [84.5700824, 54.0931227], [84.5701911, 54.0931487], [84.5703037, 54.0931613], [84.5703453, 54.0931542], [84.5703667, 54.0931597], [84.5704083, 54.0931919], [84.5705008, 54.0931904], [84.5705116, 54.0932029], [84.5705062, 54.0932171], [84.5704874, 54.0932265], [84.5704593, 54.093232], [84.5703869, 54.0932399], [84.5703493, 54.0932604], [84.5703439, 54.0932745], [84.570356, 54.0932895], [84.5703962, 54.0933083], [84.5704217, 54.0933131], [84.5704727, 54.0933146], [84.5705169, 54.0933068], [84.570588, 54.0932328], [84.5706256, 54.0932155], [84.5707181, 54.0932203], [84.5707838, 54.0932604], [84.5708093, 54.0932619], [84.5708764, 54.0932494], [84.5710869, 54.0931597], [84.5710976, 54.0931479], [84.5711003, 54.0931345], [84.5710909, 54.0931219], [84.5710279, 54.0930795], [84.5710078, 54.0930551], [84.5710212, 54.0930283], [84.5710534, 54.0930103], [84.5710869, 54.0930008], [84.5711137, 54.0929985], [84.5711352, 54.093], [84.5712076, 54.093015], [84.5713069, 54.0929914], [84.5713337, 54.0929898], [84.5713592, 54.0929898], [84.5714048, 54.0929937], [84.5714504, 54.0930236], [84.571614, 54.093015], [84.5716663, 54.0930456], [84.5716877, 54.0930873], [84.5717038, 54.0930968], [84.5717306, 54.0931031], [84.5717856, 54.0931031], [84.5718084, 54.0931015], [84.5718741, 54.0930905], [84.5718969, 54.0930897], [84.5719211, 54.0930928], [84.5719412, 54.0931023], [84.5719694, 54.0931251], [84.5720579, 54.0931471], [84.572137, 54.093177], [84.5721839, 54.0931786], [84.5722805, 54.0931581], [84.5723744, 54.0931573], [84.5724468, 54.0931691], [84.572491, 54.093199], [84.5725138, 54.0932029], [84.5725702, 54.0932029], [84.5726144, 54.0931912], [84.572648, 54.0931392], [84.5726654, 54.0931274], [84.5727137, 54.0931149], [84.5727365, 54.0931141], [84.5727593, 54.0931204], [84.57277, 54.0931345], [84.572774, 54.0931935], [84.5727874, 54.0932037], [84.572833, 54.0932132], [84.5728692, 54.093199], [84.572884, 54.0931573], [84.5729215, 54.0931267], [84.5730852, 54.0931251], [84.5731334, 54.093129], [84.5731737, 54.0931455], [84.5731804, 54.0931589], [84.5731777, 54.0932494], [84.5732193, 54.0932855], [84.5732608, 54.093295], [84.5732783, 54.0932871], [84.5732917, 54.0932612], [84.5732702, 54.0931605], [84.5732984, 54.09314], [84.5733225, 54.0931369], [84.5733681, 54.0931408], [84.5734204, 54.0931723], [84.5734647, 54.0931809], [84.5735317, 54.0931636], [84.5735572, 54.0931605], [84.5736028, 54.0931597], [84.5736283, 54.0931636], [84.5737155, 54.0931872], [84.5737597, 54.0932014], [84.5737812, 54.0932045], [84.573804, 54.0932053], [84.5738268, 54.0932029], [84.5738643, 54.0931888], [84.5738858, 54.0931856], [84.5739354, 54.0931856], [84.5740145, 54.0932344], [84.5740373, 54.0932305], [84.5740655, 54.0932092], [84.5740601, 54.0931967], [84.5739864, 54.0931534], [84.5739783, 54.0931267], [84.5739891, 54.0931141], [84.5740132, 54.0931054], [84.5740816, 54.0931031], [84.5741352, 54.0931267], [84.5741822, 54.0931259], [84.5742224, 54.0931094], [84.5742492, 54.0930724], [84.5742626, 54.0930622], [84.5742801, 54.0930535], [84.5743203, 54.0930409], [84.5743445, 54.0930386], [84.5743713, 54.0930386], [84.5743941, 54.0930433], [84.5744088, 54.0930543], [84.5743941, 54.0931416], [84.5744102, 54.0931542], [84.5744638, 54.093166], [84.5745081, 54.0931723], [84.5745805, 54.0931982], [84.574606, 54.0932273], [84.5746274, 54.0933131], [84.5746677, 54.0933327], [84.5746931, 54.0933359], [84.5747669, 54.0933107], [84.5748018, 54.0932777], [84.574834, 54.0932651], [84.5749667, 54.0932368], [84.5750137, 54.0931998], [84.5751075, 54.0931668], [84.575129, 54.0931274], [84.5751585, 54.0931054], [84.5752752, 54.0930629], [84.5753369, 54.0930236], [84.5753583, 54.0930197], [84.5753825, 54.0930189], [84.5754656, 54.0930401], [84.575534, 54.0930299], [84.5755555, 54.0930323], [84.5755863, 54.0930708], [84.5756561, 54.0930999], [84.575703, 54.093107], [84.5758009, 54.0931471], [84.5758679, 54.093151], [84.5759229, 54.0931455], [84.5759793, 54.0931196], [84.5761147, 54.0930944], [84.5761885, 54.093096], [84.5762341, 54.0931062], [84.5764017, 54.093096], [84.57645, 54.0931046], [84.5765103, 54.093129], [84.576564, 54.0931306], [84.5766324, 54.0931125], [84.5766927, 54.0930417], [84.5767276, 54.0930268], [84.5767933, 54.0930173], [84.5768255, 54.0930378], [84.5768295, 54.0930842], [84.576847, 54.0931251], [84.5768872, 54.0931408], [84.576977, 54.0931495], [84.5770025, 54.0931605], [84.5770159, 54.0931715], [84.5770414, 54.09321], [84.5770951, 54.0932155], [84.5771205, 54.0932132], [84.5771407, 54.0932069], [84.5772386, 54.0931314], [84.577256, 54.0931227], [84.5773204, 54.0930991], [84.5773901, 54.0930944], [84.5774344, 54.093107], [84.5774612, 54.0931314], [84.5774813, 54.0931385], [84.5775376, 54.093144], [84.5775644, 54.093144], [84.5776543, 54.0931314], [84.5776731, 54.0931251], [84.5776825, 54.0930692], [84.5777388, 54.0930283], [84.5777602, 54.0930283], [84.5778246, 54.0930708], [84.5778421, 54.0930803], [84.5778635, 54.093085], [84.5778823, 54.0930771], [84.5778957, 54.0930661], [84.5779212, 54.0930417], [84.577893, 54.0929119], [84.5778662, 54.09286], [84.5778662, 54.0928333], [84.5778769, 54.0928034], [84.5779037, 54.0927719], [84.5779896, 54.0927027], [84.5779949, 54.0926744], [84.5779386, 54.0925596], [84.5779332, 54.0924982], [84.5780674, 54.0923236], [84.5782417, 54.0922088], [84.5782685, 54.0921553], [84.5783168, 54.0921034], [84.5784429, 54.0920216], [84.5785019, 54.0919461], [84.5787191, 54.0917951], [84.5788988, 54.0917038], [84.5790839, 54.0916787], [84.5791402, 54.0916771], [84.5792314, 54.0916566], [84.5794272, 54.0915685], [84.5795533, 54.0915418], [84.5796955, 54.0915544], [84.5797384, 54.091567], [84.5798966, 54.0916614], [84.5799825, 54.0916661], [84.5800093, 54.0916456], [84.5800254, 54.0916189], [84.5800254, 54.0915654], [84.5800415, 54.0915386], [84.5800763, 54.0915229], [84.5801192, 54.0915198], [84.5801595, 54.0915386], [84.5801702, 54.0916236], [84.5802426, 54.091696], [84.5803151, 54.0917306], [84.5803606, 54.0917384], [84.5804009, 54.0917274], [84.5804465, 54.0916834], [84.5804411, 54.0916016], [84.580476, 54.0915827], [84.5805162, 54.0915717], [84.5805618, 54.0915717], [84.5806906, 54.0915858], [84.5807388, 54.091589], [84.5807818, 54.0915874], [84.5808569, 54.0915607], [84.5809025, 54.0915607], [84.5809481, 54.0915733], [84.580991, 54.0915733], [84.5810285, 54.0915622], [84.5810473, 54.0915371], [84.5810392, 54.0914836], [84.58105, 54.0914568], [84.5811143, 54.0914222], [84.5811573, 54.0914159], [84.5812458, 54.0914348], [84.5812806, 54.0914553], [84.5813048, 54.0915072], [84.5813262, 54.0915292], [84.5813718, 54.0915355], [84.581463, 54.0915261], [84.5815033, 54.0915418], [84.5815596, 54.0915843], [84.5816079, 54.0915827], [84.5816481, 54.0915685], [84.5816615, 54.0915449], [84.5816991, 54.0915324], [84.5817447, 54.0915339], [84.5817822, 54.0915528], [84.581809, 54.0916346], [84.5818359, 54.0916614], [84.5818734, 54.0916771], [84.581919, 54.0916676], [84.5819083, 54.0915591], [84.5819458, 54.0915434], [84.5819887, 54.0915402], [84.5820665, 54.0915685], [84.5821041, 54.0916393], [84.5821416, 54.0916881], [84.5821792, 54.0917054], [84.5822704, 54.091707], [84.5823026, 54.0916897], [84.5823213, 54.0916645], [84.582324, 54.0916378], [84.5823052, 54.091611], [84.5822167, 54.0915497], [84.5822087, 54.0915213], [84.5822167, 54.0914946], [84.5823052, 54.0914364], [84.5823133, 54.0914081], [84.5823455, 54.0913892], [84.582383, 54.0913782], [84.5824715, 54.0913688], [84.582544, 54.0913341], [84.5826298, 54.0913137], [84.5826432, 54.0912885], [84.5826781, 54.0912712], [84.582721, 54.0912696], [84.5828497, 54.0913058], [84.5828605, 54.0913593], [84.5828819, 54.0913861], [84.5829222, 54.0914049], [84.5829651, 54.0914128], [84.583008, 54.0914034], [84.5830482, 54.0913546], [84.583059, 54.0913043], [84.5831019, 54.0912901], [84.5831931, 54.0913027], [84.5832199, 54.091353], [84.5832601, 54.0913703], [84.5833486, 54.0913703], [84.5833835, 54.0913861], [84.5834237, 54.091438], [84.583472, 54.0914364], [84.583523, 54.0913924], [84.5835659, 54.0913939], [84.5836464, 54.0914128], [84.5837349, 54.0914128], [84.5837563, 54.0913892], [84.5837107, 54.0913137], [84.5837885, 54.0912822], [84.5838422, 54.0912791], [84.5838878, 54.091287], [84.5839226, 54.0913058], [84.5839441, 54.0913294], [84.5839629, 54.0913829], [84.5840085, 54.0914317], [84.5840433, 54.0914506], [84.5841345, 54.0914254], [84.5841694, 54.0914018], [84.5842096, 54.0913892], [84.5844349, 54.0914254], [84.5845154, 54.0914506], [84.5845234, 54.0914789], [84.5845073, 54.0915088], [84.584451, 54.0915607], [84.5844376, 54.0915874], [84.5844591, 54.091611], [84.5845368, 54.0916456], [84.5846146, 54.0916755], [84.5846575, 54.0916818], [84.5847031, 54.0916787], [84.5847702, 54.0916393], [84.5847809, 54.0915843], [84.5847461, 54.0915308], [84.5847541, 54.0915056], [84.5847943, 54.0914915], [84.5848373, 54.0914962], [84.5848748, 54.0915088], [84.5848963, 54.0915339], [84.5849016, 54.0915906], [84.5848748, 54.0916488], [84.5848829, 54.0916787], [84.5849258, 54.0916991], [84.5850116, 54.0917196], [84.5850572, 54.0917196], [84.5850974, 54.0917054], [84.5851618, 54.0916661], [84.5852503, 54.0916661], [84.5852879, 54.0916771], [84.5853898, 54.0917353], [84.5854354, 54.0917463], [84.5854863, 54.0917951], [84.5854944, 54.0918218], [84.5854327, 54.0919933], [84.5854515, 54.09202], [84.5854783, 54.0920405], [84.5855159, 54.0920609], [84.5855561, 54.0920735], [84.5856017, 54.0920672], [84.5856526, 54.091965], [84.5856768, 54.0919414], [84.585717, 54.0919272], [84.5858029, 54.0919209], [84.5858404, 54.0919382], [84.5858565, 54.0919933], [84.5858833, 54.0920153], [84.5859262, 54.0920279], [84.5859691, 54.0920263], [84.5860389, 54.0919964], [84.5860711, 54.0919461], [84.5860979, 54.0919241], [84.5861435, 54.0919115], [84.5861918, 54.0919083], [84.5862374, 54.0919099], [84.5862856, 54.0919193], [84.5863205, 54.0919398], [84.586342, 54.0919933], [84.5863581, 54.09202], [84.5864519, 54.0921584], [84.586468, 54.0921836], [84.5864627, 54.0922402], [84.5864117, 54.0923173], [84.5864171, 54.0923787], [84.5864654, 54.0924259], [84.5865861, 54.0924699], [84.5867282, 54.0924746], [84.5867658, 54.0924573], [84.5868114, 54.0924101], [84.5868087, 54.0923535], [84.5868999, 54.092289], [84.5869052, 54.0922607], [84.586865, 54.0922135], [84.586865, 54.0921868], [84.5868891, 54.0921647], [84.5869267, 54.0921506], [84.5870206, 54.0921348], [84.5870662, 54.0921348], [84.5871627, 54.0921427], [84.5872056, 54.0921569], [84.5872807, 54.0922292], [84.5873237, 54.0922355], [84.5874202, 54.0922371], [84.5875168, 54.0922261], [84.5875624, 54.0922308], [84.5876053, 54.0922434], [84.5877045, 54.0923032], [84.5878038, 54.0923047], [84.587895, 54.0923236], [84.5879084, 54.0923504], [84.5879164, 54.092451], [84.5879486, 54.0924699], [84.5880479, 54.0924762], [84.5880961, 54.0924683], [84.5881176, 54.0924479], [84.5881551, 54.0924369], [84.5882007, 54.0924416], [84.5882383, 54.0924573], [84.588249, 54.0924841], [84.5882785, 54.0925045], [84.5883241, 54.0925077], [84.5884153, 54.0924998], [84.5884368, 54.0924762], [84.588477, 54.0924605], [84.5885253, 54.0924636], [84.5885655, 54.0924762], [84.5886031, 54.092525], [84.5886674, 54.0925627], [84.5886433, 54.0925863], [84.588646, 54.0926146], [84.5886674, 54.0926398], [84.5887479, 54.0926713], [84.5888498, 54.092665], [84.5888901, 54.0926524], [84.5889196, 54.0926335], [84.5889142, 54.0926052], [84.588874, 54.0925549], [84.5889062, 54.0925376], [84.5889893, 54.0925454], [84.5891181, 54.0926429], [84.5891932, 54.0926823], [84.5893165, 54.0927688], [84.5894453, 54.0928144], [84.5894936, 54.0928207], [84.5895553, 54.0928065], [84.5896196, 54.0927578], [84.5896572, 54.0927452], [84.5897001, 54.0927562], [84.5897216, 54.0927829], [84.5897135, 54.0928113], [84.5896035, 54.0928789], [84.5895821, 54.0929056], [84.5895687, 54.0930205], [84.5895848, 54.0930456], [84.5896867, 54.0930614], [84.5897323, 54.0930614], [84.5897698, 54.0930488], [84.5898101, 54.093], [84.5898208, 54.0929465], [84.5898423, 54.0929229], [84.5898825, 54.0929072], [84.59003, 54.0929056], [84.5901158, 54.0929245], [84.5901534, 54.0929434], [84.5901749, 54.092967], [84.5901909, 54.0930268], [84.5902044, 54.0931117], [84.5902017, 54.0931385], [84.5901212, 54.0931794], [84.5900944, 54.0932014], [84.5900837, 54.0932281], [84.5901319, 54.0932737], [84.5901775, 54.0932847], [84.590266, 54.0933005], [84.5903116, 54.0932958], [84.5903519, 54.0932847], [84.5904243, 54.0932533], [84.5904377, 54.0932281], [84.5904243, 54.0931998], [84.5903599, 54.0931605], [84.5903492, 54.0931353], [84.5903599, 54.093107], [84.5903948, 54.0930928], [84.5904484, 54.0930818], [84.590494, 54.0930818], [84.5905799, 54.0930976], [84.5906711, 54.0930913], [84.5907059, 54.0930394], [84.5907435, 54.0930236], [84.5907891, 54.0930221], [84.5909554, 54.0930881], [84.5909983, 54.0931385], [84.5910412, 54.0931558], [84.5910895, 54.0931573], [84.5911753, 54.0931432], [84.5912155, 54.0931542], [84.5912746, 54.0931951], [84.5912853, 54.0932203], [84.5912692, 54.0932454], [84.5911297, 54.0932722], [84.5911029, 54.0932942], [84.5910975, 54.0933225], [84.5911646, 54.0933603], [84.5912531, 54.0933665], [84.5913604, 54.0932816], [84.5914113, 54.0932722], [84.591516, 54.093269], [84.5916125, 54.0932785], [84.5916983, 54.0933052], [84.5917895, 54.0933131], [84.5918298, 54.0933304], [84.5918459, 54.0933571], [84.5918807, 54.0933744], [84.5919237, 54.0933823], [84.5920202, 54.0933838], [84.5920444, 54.0933587], [84.5920899, 54.0933665], [84.5921302, 54.0933838], [84.5921597, 54.0934027], [84.592149, 54.093431], [84.5921114, 54.0934531], [84.5920256, 54.0934814], [84.591988, 54.0935018], [84.5920122, 54.0935994], [84.5920336, 54.0936229], [84.5921919, 54.0936874], [84.5923743, 54.0937456], [84.5923984, 54.0937692], [84.5924091, 54.0938274], [84.592436, 54.0938495], [84.5925084, 54.0938856], [84.5925969, 54.0939061], [84.5926452, 54.0939092], [84.592739, 54.0938919], [84.5927846, 54.0939014], [84.5928168, 54.0939202], [84.5928463, 54.0939391], [84.5928624, 54.0939957], [84.5929804, 54.0940351], [84.5929751, 54.0940634], [84.5928919, 54.0940917], [84.5928678, 54.0941153], [84.5928758, 54.0941436], [84.5929107, 54.0941625], [84.5929536, 54.0941719], [84.5930448, 54.0941845], [84.593128, 54.0941782], [84.5931843, 54.0941357], [84.5932057, 54.094054], [84.5932272, 54.0940335], [84.5932674, 54.0940178], [84.5933157, 54.0940146], [84.593356, 54.0940225], [84.5933881, 54.0940414], [84.5933989, 54.0940964], [84.5934311, 54.0941153], [84.5935222, 54.0941122], [84.5935705, 54.0940681], [84.5935222, 54.0939596], [84.5935357, 54.0939281], [84.5935652, 54.0939092], [84.5936483, 54.0938904], [84.5936939, 54.0938904], [84.5937583, 54.0939313], [84.5938012, 54.0939407], [84.5938468, 54.093936], [84.5938817, 54.0939171], [84.5938978, 54.0938935], [84.5938709, 54.0938683], [84.5938683, 54.0938416], [84.5940104, 54.0937991], [84.594233, 54.0937818], [84.5942759, 54.0937881], [84.5942974, 54.0938117], [84.5942411, 54.0938919], [84.5942384, 54.0939218], [84.5942786, 54.093936], [84.5943859, 54.093936], [84.5944583, 54.0939045], [84.5945039, 54.0938982], [84.5946005, 54.0939014], [84.59474, 54.0939454], [84.5948178, 54.09398], [84.5948499, 54.094002], [84.5948794, 54.0940524], [84.5948231, 54.0941326], [84.5948446, 54.0941578], [84.5948929, 54.0941688], [84.5949894, 54.0941751], [84.595027, 54.0941609], [84.5950404, 54.0941342], [84.5950189, 54.0940791], [84.5950404, 54.0940555], [84.5951289, 54.0940304], [84.5952389, 54.0940304], [84.5952818, 54.0940382], [84.5953622, 54.0940744], [84.5953864, 54.094098], [84.5954025, 54.0941562], [84.5954347, 54.0941751], [84.5954749, 54.0941829], [84.5955205, 54.0941373], [84.5955634, 54.0941279], [84.5956063, 54.0941373], [84.5956331, 54.0941593], [84.5956197, 54.0942128], [84.5956358, 54.094238], [84.5956734, 54.0942584], [84.5957109, 54.0942695], [84.5958048, 54.0942663], [84.595837, 54.094216], [84.5958638, 54.0941955], [84.595955, 54.0941814], [84.596006, 54.0941892], [84.5960516, 54.0942081], [84.5960462, 54.0942364], [84.595947, 54.0942993], [84.5959282, 54.0943245], [84.5959362, 54.0943512], [84.5959684, 54.0943717], [84.5960167, 54.094378], [84.5961454, 54.0943575], [84.5961884, 54.094367], [84.5962232, 54.0943843], [84.5962715, 54.0943906], [84.5963171, 54.0943843], [84.5963412, 54.0943623], [84.5963573, 54.0942537], [84.596411, 54.0942144], [84.5964888, 54.0941908], [84.5965853, 54.0941798], [84.5966282, 54.0941908], [84.596647, 54.0942459], [84.5966792, 54.0942647], [84.5967248, 54.0942632], [84.5968482, 54.0942348], [84.5969394, 54.094238], [84.5969823, 54.0942097], [84.5970279, 54.0941877], [84.5971647, 54.0942081], [84.5972049, 54.0942238], [84.5973444, 54.0943339], [84.5974249, 54.0943607], [84.5974705, 54.0943623], [84.5975804, 54.0943214], [84.597677, 54.0943214], [84.5977253, 54.0943308], [84.597795, 54.094367], [84.5978406, 54.0943764], [84.5979774, 54.0943733], [84.5980632, 54.0944], [84.5981115, 54.0944047], [84.5981544, 54.0943969], [84.5981705, 54.0943748], [84.5981759, 54.0943481], [84.5981491, 54.0942962], [84.5981786, 54.0942757], [84.5982215, 54.0942679], [84.59831, 54.0942789], [84.5983502, 54.0943261], [84.5983905, 54.0943387], [84.5984361, 54.0943371], [84.5984977, 54.0943009], [84.5985407, 54.0942946], [84.5986265, 54.0943025], [84.598664, 54.0942883], [84.5986801, 54.0942647], [84.5986694, 54.094238], [84.5986024, 54.0941955], [84.5985916, 54.0941688], [84.598597, 54.0941436], [84.5986265, 54.0941232], [84.5986694, 54.094109], [84.598715, 54.0941122], [84.5987499, 54.094131], [84.5987579, 54.0941845], [84.5987794, 54.0942113], [84.5988142, 54.0942286], [84.5988598, 54.0942317], [84.5988947, 54.0942128], [84.5989296, 54.094153], [84.5989564, 54.0941295], [84.5990422, 54.0941074], [84.5991334, 54.0941027], [84.599238, 54.0940555], [84.599281, 54.0940477], [84.5993239, 54.0940524], [84.599399, 54.0940886], [84.5994312, 54.0941373], [84.5995009, 54.0941751], [84.5995197, 54.0942018], [84.5995089, 54.0942301], [84.5994768, 54.0942521], [84.5993882, 54.0942852], [84.5993158, 54.0943261], [84.5992863, 54.0943874], [84.5992997, 54.0944173], [84.599399, 54.0944425], [84.5994472, 54.0944441], [84.5996109, 54.094389], [84.5999435, 54.0944016], [84.5999891, 54.0944016], [84.600032, 54.0944094], [84.6000722, 54.0944205], [84.6001071, 54.0944362], [84.6001419, 54.0944551], [84.6001875, 54.094507], [84.6002197, 54.0945243], [84.6003082, 54.0945416], [84.6003485, 54.0945605], [84.6003807, 54.0946124], [84.6004128, 54.0946328], [84.6004584, 54.0946454], [84.6005014, 54.0946501], [84.6005523, 54.0946548], [84.6006891, 54.0946533], [84.6007374, 54.0946485], [84.6007696, 54.0946297], [84.6008071, 54.094551], [84.6008474, 54.09454], [84.6008956, 54.0945432], [84.6009332, 54.0945557], [84.6009734, 54.0946045], [84.6010244, 54.0946139], [84.6011129, 54.0946155], [84.6011558, 54.0946092], [84.6012443, 54.0945903], [84.6012899, 54.0945778], [84.6013248, 54.094562], [84.6013704, 54.094518], [84.6013838, 54.0944614], [84.6013597, 54.0944362], [84.6013221, 54.0944173], [84.6012899, 54.0943685], [84.6013248, 54.0943182], [84.601357, 54.0942993], [84.6014053, 54.0942868], [84.6014455, 54.0942962], [84.6014643, 54.0943229], [84.6014965, 54.0944063], [84.6015447, 54.0944157], [84.6015957, 54.0944173], [84.6016413, 54.0944079], [84.6016735, 54.0943874], [84.6016815, 54.0943339], [84.601711, 54.0943135], [84.6017593, 54.0943056], [84.6018022, 54.0943041], [84.6018773, 54.0943339], [84.602057, 54.0943591], [84.6021482, 54.0943796], [84.6023306, 54.0944629], [84.6024701, 54.0944724], [84.6025908, 54.0945557], [84.6026283, 54.0945715], [84.6026713, 54.0945778], [84.6027169, 54.0945762], [84.6027464, 54.0945557], [84.602733, 54.0945274], [84.6026739, 54.0944802], [84.602682, 54.0944535], [84.6027195, 54.0944362], [84.6027625, 54.0944378], [84.6027973, 54.0944614], [84.6028161, 54.0944849], [84.602851, 54.0944991], [84.6029019, 54.0945007], [84.6029422, 54.0944897], [84.6029556, 54.0944645], [84.6029288, 54.094389], [84.6029368, 54.0943623], [84.6029663, 54.0943387], [84.6030119, 54.0943261], [84.6030575, 54.0943277], [84.6030977, 54.094345], [84.6031916, 54.094345], [84.6032667, 54.0943685], [84.6033016, 54.0943874], [84.6033499, 54.0943937], [84.6034142, 54.094356], [84.6034491, 54.094227], [84.603484, 54.0942128], [84.6035296, 54.0942128], [84.6035698, 54.0942002], [84.6035966, 54.0941798], [84.6036342, 54.0941656], [84.6036771, 54.0941641], [84.6038675, 54.0942427], [84.6039587, 54.0942521], [84.6040848, 54.0942286], [84.6041197, 54.0942144], [84.6041411, 54.0941892], [84.6041894, 54.0941578], [84.6042149, 54.0940972], [84.6042645, 54.0940736], [84.6042886, 54.0940713], [84.6043155, 54.0940791], [84.6043611, 54.0941271], [84.6044281, 54.094146], [84.6044616, 54.0941413], [84.6045502, 54.0940917], [84.6045971, 54.0940799], [84.6048667, 54.0940579], [84.6049431, 54.0940602], [84.6049646, 54.0940626], [84.6050115, 54.0940752], [84.6050276, 54.0940838], [84.6050557, 54.0941043], [84.6050692, 54.0941169], [84.6051134, 54.0941829], [84.6052328, 54.0942569], [84.6052529, 54.0942639], [84.6054929, 54.094297], [84.6055104, 54.0943064], [84.6055305, 54.0943434], [84.6055211, 54.0944157], [84.6055453, 54.0944393], [84.6055882, 54.094448], [84.6056539, 54.094437], [84.6057142, 54.0943937], [84.605729, 54.0943528], [84.6057223, 54.0942852], [84.6057491, 54.0942616], [84.6057867, 54.0942474], [84.6058336, 54.0942498], [84.6058537, 54.0942616], [84.6058913, 54.0943182], [84.6059288, 54.0943347], [84.6060213, 54.0943418], [84.6060468, 54.0943489], [84.6060656, 54.0943568], [84.606083, 54.0943678], [84.6060991, 54.0943803], [84.6061072, 54.0943937], [84.6061045, 54.0944087], [84.6060938, 54.0944212], [84.6060736, 54.0944323], [84.6059717, 54.094433], [84.6059234, 54.0944456], [84.605906, 54.0944574], [84.605902, 54.0944716], [84.6059033, 54.0945015], [84.6059355, 54.0945416], [84.6059369, 54.0945565], [84.6059328, 54.0945722], [84.6059234, 54.0945864], [84.6059047, 54.0946006], [84.6058658, 54.0946147], [84.6058416, 54.0946179], [84.605737, 54.0946202], [84.6057129, 54.0946226], [84.6056887, 54.0946273], [84.6056686, 54.0946375], [84.6056552, 54.0946501], [84.6056472, 54.0946627], [84.6056539, 54.0946792], [84.605666, 54.0946918], [84.6056834, 54.0947044], [84.6057263, 54.0947225], [84.6058296, 54.0947531], [84.6058913, 54.0947759], [84.6059489, 54.0948334], [84.6060187, 54.0948373], [84.6060777, 54.0948184], [84.6061528, 54.0947492], [84.6061742, 54.0947413], [84.6062694, 54.0947327], [84.6062869, 54.094724], [84.6063311, 54.0946745], [84.6063794, 54.0946438], [84.6064465, 54.0946257], [84.6064693, 54.0946273], [84.6064854, 54.0946564], [84.6064599, 54.0947303], [84.6065028, 54.0947649], [84.6065524, 54.0947704], [84.6066812, 54.0947264], [84.6067254, 54.0947295], [84.6067388, 54.0947429], [84.6067268, 54.0947846], [84.6066718, 54.0948373], [84.6066611, 54.0948515], [84.606657, 54.0948672], [84.6066611, 54.0948813], [84.6066812, 54.0949089], [84.6067227, 54.094923], [84.6067683, 54.0949262], [84.6068139, 54.0949262], [84.6069306, 54.0949081], [84.6069735, 54.0949002], [84.6070205, 54.0948994], [84.6070889, 54.0948861], [84.6071318, 54.0948562], [84.6071425, 54.0948444], [84.6071626, 54.0948192], [84.6071707, 54.0948058], [84.6071626, 54.0947524], [84.6070258, 54.0946666], [84.6069749, 54.0946194], [84.6069668, 54.0946061], [84.6069615, 54.0945888], [84.6069628, 54.0945738], [84.6069816, 54.0945447], [84.6070111, 54.0945196], [84.6070486, 54.0945054], [84.6072042, 54.0945078], [84.6072941, 54.0944928], [84.6073651, 54.0945101], [84.6074027, 54.0945306], [84.6074416, 54.094566], [84.6074308, 54.0946517], [84.6074818, 54.0947036], [84.6075167, 54.094724], [84.6075676, 54.0947335], [84.6076146, 54.0947335], [84.6076521, 54.0947201], [84.6076991, 54.0946525], [84.6076696, 54.0945966], [84.6076548, 54.0944558], [84.6076293, 54.0943976], [84.6076481, 54.0943741], [84.6076883, 54.0943607], [84.607738, 54.0943678], [84.6078198, 54.0943953], [84.6078721, 54.0943992], [84.6079405, 54.0943882], [84.608041, 54.0943544], [84.6081322, 54.0943623], [84.6081658, 54.0943811], [84.6081845, 54.0944385], [84.608202, 54.0944669], [84.6082221, 54.0944794], [84.6082395, 54.0944873], [84.608261, 54.0944936], [84.608379, 54.0944881], [84.6084192, 54.0945007], [84.6084595, 54.0945416], [84.6085641, 54.0945793], [84.6086955, 54.0945966], [84.608835, 54.0945856], [84.6089289, 54.094562], [84.6091542, 54.0944456], [84.6092454, 54.094433], [84.6093017, 54.0944472], [84.609409, 54.0945337], [84.6094948, 54.0945432], [84.6095699, 54.0945211], [84.6095967, 54.0945007], [84.6096396, 54.0944205], [84.6097791, 54.0943544], [84.6099561, 54.0943324], [84.610101, 54.0943921], [84.610219, 54.0945432], [84.6102941, 54.0945809], [84.6104658, 54.0946155], [84.6106428, 54.0945872], [84.6107393, 54.0946061], [84.610911, 54.0946627], [84.6109861, 54.0946973], [84.6111041, 54.0947822], [84.6111846, 54.0948106], [84.6112758, 54.0948231], [84.6113616, 54.09482], [84.6114314, 54.0947854], [84.611544, 54.0946973], [84.6116137, 54.094669], [84.6116996, 54.094647], [84.6117961, 54.0946312], [84.6118873, 54.0946218], [84.6120697, 54.0946187], [84.6121502, 54.0945998], [84.6122307, 54.0945085], [84.6121234, 54.0943575], [84.6121502, 54.0943041], [84.6122092, 54.09426], [84.6122843, 54.0942286], [84.6123755, 54.0942034], [84.6124721, 54.0941939], [84.6125686, 54.0942002], [84.6126437, 54.0942317], [84.6126866, 54.0942883], [84.6126813, 54.0943481], [84.6127135, 54.0943953], [84.6128744, 54.0944519], [84.6129602, 54.0944614], [84.6130246, 54.0944991], [84.61303, 54.0945589], [84.6130675, 54.0946061], [84.6131533, 54.0946218], [84.6132445, 54.0945998], [84.6133625, 54.0945211], [84.6134591, 54.0945211], [84.6135288, 54.0945557], [84.6135503, 54.0946092], [84.6135288, 54.094669], [84.6134323, 54.0947728], [84.6134537, 54.0948294], [84.6135288, 54.0948609], [84.61362, 54.0948703], [84.6137005, 54.0948452], [84.6137059, 54.0946816], [84.6137702, 54.0946438], [84.6138561, 54.0946344], [84.6140277, 54.0946753], [84.6140653, 54.0947225], [84.6141511, 54.0947225], [84.6142369, 54.0947036], [84.6142638, 54.0946501], [84.6145749, 54.0945935], [84.6148592, 54.0945935], [84.6149397, 54.0945589], [84.615047, 54.0944614], [84.6150523, 54.0943009], [84.6151596, 54.0942097], [84.6154332, 54.0941405], [84.6155566, 54.0940681], [84.615798, 54.0939863], [84.6160608, 54.093936], [84.6164042, 54.093914], [84.6165597, 54.0938573], [84.6166724, 54.0937158], [84.6169996, 54.0935176], [84.6171659, 54.0933697], [84.6171981, 54.0933256], [84.6171552, 54.0931621], [84.6172035, 54.0931086], [84.6172625, 54.0930708], [84.6174288, 54.0930079], [84.6175092, 54.0929104], [84.6175682, 54.0928726], [84.6176487, 54.0928349], [84.6178365, 54.0927877], [84.6179116, 54.0927531], [84.6180135, 54.0926681], [84.6180993, 54.0926429], [84.6182013, 54.0926398], [84.6183085, 54.0926555], [84.6183783, 54.0926996], [84.6184426, 54.0928128], [84.6184319, 54.0929292], [84.6185231, 54.0929513], [84.6188128, 54.0929576], [84.618904, 54.0929764], [84.6190435, 54.0930456], [84.619081, 54.0931589], [84.6191239, 54.0932061], [84.6191937, 54.0932501], [84.6193653, 54.0932942], [84.6195424, 54.0932501], [84.6195745, 54.0931432], [84.6196336, 54.0930991], [84.619891, 54.0930645], [84.6199554, 54.0930299], [84.6199715, 54.0929764], [84.6198964, 54.0928223], [84.6199071, 54.0927719], [84.6199769, 54.0926776], [84.6200412, 54.0926398], [84.6201807, 54.0925737], [84.6202826, 54.0925454], [84.6203738, 54.0925486], [84.6205348, 54.0925958], [84.6206313, 54.0925863], [84.6207601, 54.0925202], [84.6209693, 54.0924856], [84.621157, 54.0924856], [84.6212536, 54.0924605], [84.6213126, 54.0924133], [84.6213019, 54.0923598], [84.6211785, 54.092278], [84.6212214, 54.092234], [84.6212912, 54.0922056], [84.6214628, 54.0921868], [84.6216237, 54.0922308], [84.6218855, 54.0922156]]}}, {"type": "Feature", "properties": {"id": 0.49662672527663565, "osm_id": 740853521, "name_kz": "Урал", "name_ru": "Урал", "name_en": "", "object_type": "river"}, "geometry": {"type": "LineString", "coordinates": [[86.7132318, 53.3709439], [86.7133605, 53.3709343], [86.7134303, 53.3709055], [86.7135805, 53.3708191], [86.7136931, 53.3707391], [86.7137736, 53.3707039], [86.7139721, 53.3706783], [86.7142242, 53.3706047], [86.71453, 53.3706111], [86.7147016, 53.370579], [86.7149216, 53.370579], [86.715104, 53.3706111], [86.7152113, 53.3706143], [86.7153722, 53.370579], [86.7154634, 53.3705726], [86.71556, 53.3705758], [86.715737, 53.3706047], [86.7158335, 53.3705983], [86.7160213, 53.3705726], [86.7161071, 53.3705566], [86.7161822, 53.3705214], [86.7162681, 53.3704958], [86.7164612, 53.3704766], [86.716547, 53.3704606], [86.7166221, 53.370435], [86.716826, 53.3703038], [86.7169976, 53.3702334], [86.7171049, 53.3702014], [86.7172819, 53.3701598], [86.7175662, 53.3701502], [86.7176413, 53.3701278], [86.7177916, 53.3700541], [86.7179793, 53.3700317], [86.7181563, 53.3699933], [86.7183065, 53.3699293], [86.7183602, 53.3698877], [86.718387, 53.3698333], [86.718446, 53.3697917], [86.7185855, 53.3697245], [86.7186713, 53.3697437], [86.7188832, 53.3697453], [86.7189315, 53.3697373], [86.7190146, 53.3697037], [86.7190629, 53.3697069], [86.7191943, 53.3697405], [86.7192399, 53.3697389], [86.7193848, 53.3697069], [86.7194089, 53.3696845], [86.7194465, 53.3696685], [86.7196423, 53.3696509], [86.7196852, 53.3696429], [86.7197227, 53.3696221], [86.7198139, 53.3696092], [86.7199534, 53.3696173], [86.7200875, 53.36959], [86.7201573, 53.369558], [86.7202485, 53.3695532], [86.7203718, 53.3695884], [86.720463, 53.3695916], [86.7205086, 53.36959], [86.7205998, 53.3695724], [86.7206937, 53.3695676], [86.7207822, 53.3695468], [86.7208225, 53.369534], [86.7209673, 53.3694572], [86.7209887, 53.3694396], [86.7210102, 53.3694188], [86.7211121, 53.3693548], [86.721155, 53.369342], [86.7212006, 53.3693388], [86.7213321, 53.3693612], [86.7214125, 53.3693388], [86.7215547, 53.3693436], [86.7216083, 53.36939], [86.7216513, 53.3694028], [86.7216995, 53.3694012], [86.72178, 53.3693804], [86.7218229, 53.3693884], [86.7218953, 53.369422], [86.7219758, 53.3694044], [86.7220482, 53.3694348], [86.7220911, 53.369446], [86.7221394, 53.3694476], [86.722185, 53.369446], [86.722236, 53.3693996], [86.7222735, 53.3693836], [86.7223567, 53.3693692], [86.7224988, 53.36935], [86.7225578, 53.3693052], [86.7226008, 53.3692972], [86.7226437, 53.3692988], [86.7227322, 53.3693164], [86.7228824, 53.3693276], [86.7230004, 53.3692908], [86.7230487, 53.369294], [86.7230782, 53.3693132], [86.7231077, 53.3693724], [86.7231533, 53.3693836], [86.7232418, 53.3693916], [86.7233089, 53.3694348], [86.7233518, 53.369446], [86.723392, 53.369454], [86.7234859, 53.3694508], [86.7235932, 53.3694076], [86.7235959, 53.3693516], [86.7235422, 53.3693036], [86.7235583, 53.369278], [86.7236334, 53.3692412], [86.7237192, 53.3691772], [86.7237595, 53.3691628], [86.7238024, 53.3691564], [86.7238909, 53.3691708], [86.7239311, 53.3691596], [86.723966, 53.3691387], [86.7240143, 53.3691291], [86.7241135, 53.3691275], [86.724202, 53.3691387], [86.7242771, 53.3691676], [86.7243254, 53.3691692], [86.7245346, 53.3690955], [86.7246151, 53.3690715], [86.7248002, 53.3690395], [86.724945, 53.3689803], [86.7250389, 53.3689771], [86.725122, 53.3689931], [86.7252132, 53.3689787], [86.725283, 53.3689419], [86.7253607, 53.3689163], [86.7254063, 53.3689147], [86.7255217, 53.3689267], [86.7255914, 53.3689315], [86.7255968, 53.3689139], [86.7255579, 53.3688803], [86.725578, 53.3688579], [86.7256249, 53.3688507], [86.7257966, 53.3688491], [86.7259106, 53.3688947], [86.7259777, 53.3688963], [86.7260393, 53.3688747], [86.7261064, 53.3688187], [86.7261238, 53.3688099], [86.7261426, 53.3688035], [86.7261668, 53.3688035], [86.7262097, 53.3688123], [86.72627, 53.3688827], [86.726329, 53.3689259], [86.7264551, 53.3689611], [86.7265007, 53.3689659], [86.7265463, 53.3689579], [86.7266563, 53.3689019], [86.7266965, 53.3688923], [86.7267877, 53.3688907], [86.7269647, 53.3689227], [86.7270532, 53.3689195], [86.7270961, 53.3689099], [86.7271927, 53.3689131], [86.7272758, 53.3689355], [86.7274287, 53.3689931], [86.727477, 53.3689995], [86.7275199, 53.3689979], [86.7275548, 53.3689803], [86.7275736, 53.3689563], [86.7275897, 53.3688747], [86.7276674, 53.3688459], [86.7277586, 53.3688251], [86.727933, 53.3688603], [86.7280188, 53.3688491], [86.7280725, 53.3688923], [86.7280966, 53.3689451], [86.7281207, 53.3689675], [86.7281985, 53.3689947], [86.7282549, 53.3690699], [86.7282844, 53.3690907], [86.7283326, 53.3690971], [86.7284185, 53.3690931], [86.7284493, 53.3691035], [86.7284654, 53.3691131], [86.7284828, 53.3691588], [86.7285244, 53.3691924], [86.7285901, 53.3691908], [86.7286237, 53.3691539], [86.7286585, 53.3691371], [86.7287055, 53.3691387], [86.7287685, 53.3691555], [86.7288382, 53.3691515], [86.7288972, 53.3691724], [86.7289335, 53.3691588], [86.7289428, 53.3691451], [86.7289603, 53.3691347], [86.7289804, 53.3691291], [86.7290032, 53.3691267], [86.7290273, 53.3691283], [86.7290474, 53.3691323], [86.7292218, 53.3691804], [86.7292406, 53.3691868], [86.7292647, 53.3691916], [86.7292875, 53.3691932], [86.7293318, 53.3691876], [86.7293894, 53.3691628], [86.7294605, 53.3691644], [86.729482, 53.3691668], [86.7296442, 53.3692388], [86.7296603, 53.3692988], [86.7297542, 53.3693164], [86.7298079, 53.3693132], [86.7298427, 53.3693324], [86.7298695, 53.36939], [86.7299017, 53.3694076], [86.729942, 53.3694172], [86.7300385, 53.369406], [86.7300734, 53.3694204], [86.730119, 53.3695004], [86.7301485, 53.3695212], [86.730186, 53.3695372], [86.7302692, 53.3695612], [86.730355, 53.3696253], [86.7303953, 53.3696365], [86.7304864, 53.3696205], [86.7305347, 53.3696205], [86.7306179, 53.3696397], [86.73076, 53.3696445], [86.7308405, 53.3696189], [86.7309424, 53.3696092], [86.7309853, 53.3696141], [86.7311221, 53.3696893], [86.7311677, 53.3696941], [86.7313045, 53.3696845], [86.7313474, 53.3697005], [86.7314494, 53.3697661], [86.7314842, 53.3697869], [86.7315271, 53.3697981], [86.731562, 53.3697805], [86.7315781, 53.3697549], [86.7316157, 53.3697405], [86.7316613, 53.3697389], [86.7317095, 53.3697469], [86.7317739, 53.3697901], [86.7318678, 53.3697997], [86.7319617, 53.3697933], [86.7320234, 53.3697549], [86.7320743, 53.3697133], [86.7321172, 53.3697069], [86.7322138, 53.3697245], [86.7323023, 53.3697277], [86.7323425, 53.3697181], [86.7324632, 53.3696717], [86.7325062, 53.3696221], [86.7325464, 53.3696044], [86.732592, 53.3695996], [86.7326403, 53.3695996], [86.7326912, 53.369606], [86.7327771, 53.3696765], [86.73282, 53.3696845], [86.7329273, 53.3696413], [86.7330453, 53.3696781], [86.7330909, 53.3696813], [86.7331365, 53.3696733], [86.7331821, 53.3696829], [86.7332652, 53.3697485], [86.7333001, 53.3697677], [86.7333725, 53.3698077], [86.7333913, 53.3698653], [86.7333806, 53.3699245], [86.7333993, 53.3699485], [86.7334369, 53.3699645], [86.7335308, 53.3699693], [86.7335844, 53.3699261], [86.7336756, 53.3699213], [86.7337695, 53.3699421], [86.7339036, 53.3699405], [86.7339224, 53.3699853], [86.7340109, 53.3699837], [86.7340431, 53.3699069], [86.7340726, 53.3698861], [86.7341155, 53.3698749], [86.7342094, 53.3698685], [86.7342523, 53.3698797], [86.7342791, 53.3699005], [86.7343569, 53.3699325], [86.7344454, 53.3699261], [86.7344883, 53.3699341], [86.7345312, 53.3699837], [86.7345661, 53.3700013], [86.73466, 53.3700173], [86.7346975, 53.3700301], [86.7347217, 53.3700525], [86.7347404, 53.370107], [86.7347726, 53.3701278], [86.734904, 53.3701438], [86.7349416, 53.3701614], [86.7349845, 53.370243], [86.735014, 53.3702638], [86.735132, 53.3703086], [86.7352179, 53.3704094], [86.7352447, 53.3704302], [86.7353332, 53.3704462], [86.735419, 53.370443], [86.735478, 53.3703742], [86.7355183, 53.3703566], [86.7355666, 53.370355], [86.7356577, 53.3703726], [86.7357114, 53.3703934], [86.735808, 53.3704062], [86.7358509, 53.370403], [86.7359447, 53.3703454], [86.7359877, 53.3703374], [86.736052, 53.3703598], [86.7360762, 53.3704782], [86.736111, 53.3704942], [86.7363337, 53.3704606], [86.7364195, 53.3704766], [86.7364356, 53.3705022], [86.7364275, 53.3705294], [86.7364114, 53.3705582], [86.7363203, 53.3706239], [86.7363068, 53.3706527], [86.7363095, 53.3706831], [86.7363256, 53.3707087], [86.73639, 53.3707439], [86.7364436, 53.3708191], [86.7364785, 53.3708367], [86.7365241, 53.3708431], [86.7365643, 53.3708351], [86.7366287, 53.3707647], [86.7366716, 53.3707711], [86.7366877, 53.3707951], [86.736685, 53.3708559], [86.7367065, 53.3708815], [86.7367521, 53.3708895], [86.7368782, 53.3708063], [86.7369506, 53.3707823], [86.7369962, 53.3707807], [86.7370391, 53.3707919], [86.7370552, 53.3708207], [86.7370605, 53.3708799], [86.7370766, 53.3709055], [86.7371115, 53.3709247], [86.7371517, 53.3709103], [86.7372805, 53.3708399], [86.737369, 53.3708255], [86.7374119, 53.3708351], [86.7374682, 53.3708767], [86.7375568, 53.3710063], [86.7375943, 53.3710239], [86.7376801, 53.3710335], [86.7378518, 53.3709935], [86.7379028, 53.3709903], [86.7379457, 53.3709999], [86.7380369, 53.3710719], [86.7380664, 53.3711263], [86.7381495, 53.3712304], [86.7381844, 53.3712464], [86.7382756, 53.3712656], [86.7383239, 53.3712704], [86.7383641, 53.371264], [86.7383936, 53.3712416], [86.738407, 53.3711888], [86.7384526, 53.3711407], [86.7384928, 53.3711215], [86.7385384, 53.3711103], [86.7385894, 53.3711055], [86.738643, 53.3711071], [86.738686, 53.3711183], [86.7388254, 53.3711103], [86.7388684, 53.3711135], [86.7389086, 53.3711279], [86.7389086, 53.371216], [86.7389488, 53.3712288], [86.7389917, 53.3712224], [86.7390695, 53.3711872], [86.7391178, 53.3711824], [86.7392036, 53.3711936], [86.7392358, 53.3712496], [86.7392224, 53.371368], [86.7392385, 53.3713952], [86.7393029, 53.3714352], [86.739386, 53.3714672], [86.7394343, 53.3714736], [86.7395738, 53.3714656], [86.7396677, 53.3714736], [86.7397535, 53.3714912], [86.7398313, 53.3715248], [86.7399654, 53.3715504], [86.7400297, 53.3715904], [86.7400861, 53.3716672], [86.74018, 53.3717312], [86.7402175, 53.3717473], [86.7403114, 53.3717377], [86.7403543, 53.3717489], [86.7404133, 53.3717937], [86.7404991, 53.3718177], [86.7405447, 53.3718129], [86.740652, 53.3717585], [86.7406574, 53.3716752], [86.7406762, 53.3716528], [86.7407244, 53.371632], [86.7408103, 53.371616], [86.7410007, 53.3716624], [86.741049, 53.3716608], [86.7410919, 53.371656], [86.7411697, 53.3716288], [86.7412207, 53.3715856], [86.7412931, 53.3715504], [86.7413413, 53.3715472], [86.7413816, 53.3715584], [86.741403, 53.371584], [86.7414433, 53.3715984], [86.7415318, 53.371664], [86.741631, 53.3716688], [86.7416793, 53.3716624], [86.7417169, 53.3716464], [86.7418161, 53.3716352], [86.741859, 53.3716416], [86.7418912, 53.3716608], [86.7419878, 53.371664], [86.7420709, 53.3716416], [86.7420951, 53.371616], [86.7421326, 53.3715968], [86.7423177, 53.3715872], [86.742366, 53.3715984], [86.7425698, 53.3716768], [86.7426717, 53.3716848], [86.74272, 53.3716848], [86.7427602, 53.3716736], [86.7429453, 53.3715504], [86.7429882, 53.3715328], [86.7430392, 53.3715264], [86.7430794, 53.3715392], [86.7432082, 53.3715552], [86.7432538, 53.371552], [86.7432886, 53.3715392], [86.7433289, 53.371456], [86.7433584, 53.3714336], [86.7433959, 53.3714192], [86.7435461, 53.3714048], [86.7435917, 53.3714016], [86.7436427, 53.3714048], [86.7438412, 53.3714464], [86.7440128, 53.3715504], [86.744104, 53.3715744], [86.7441523, 53.3715792], [86.7442971, 53.3715552], [86.7443615, 53.3715328], [86.7444071, 53.3715312], [86.7444795, 53.37156], [86.7445117, 53.3715776], [86.7445466, 53.3715984], [86.7445922, 53.3716512], [86.74467, 53.3716832], [86.7447156, 53.3716896], [86.7447934, 53.371664], [86.7448443, 53.3716208], [86.7449275, 53.3715936], [86.7449704, 53.3715904], [86.7451715, 53.3716176], [86.7452788, 53.371616], [86.7453217, 53.3716064], [86.7453459, 53.3715232], [86.7453325, 53.371464], [86.7453566, 53.3714384], [86.7453942, 53.3714224], [86.7454424, 53.3714176], [86.745539, 53.3714256], [86.7455712, 53.3714448], [86.7456114, 53.3714976], [86.7456517, 53.3715152], [86.7456973, 53.3715184], [86.7457992, 53.3715056], [86.7458394, 53.3714928], [86.7459038, 53.3714528], [86.745944, 53.3714416], [86.745995, 53.37144], [86.7460406, 53.37144], [86.7460808, 53.3714512], [86.7462176, 53.3714736], [86.7463168, 53.371472], [86.7464402, 53.371448], [86.7464858, 53.3714464], [86.7465824, 53.371456], [86.7466816, 53.3714688], [86.7467299, 53.3714768], [86.7467701, 53.3714896], [86.7468023, 53.3715088], [86.7468452, 53.3715904], [86.7468962, 53.3716352], [86.7469284, 53.3716592], [86.7469686, 53.3716736], [86.7470196, 53.37168], [86.7470625, 53.371672], [86.7471322, 53.3716384], [86.7471778, 53.3716256], [86.7472208, 53.3716224], [86.7473683, 53.3716496], [86.7474166, 53.3716544], [86.7475212, 53.3716544], [86.7476204, 53.3716448], [86.7476606, 53.3716352], [86.7477196, 53.371592], [86.7477706, 53.3715856], [86.7478645, 53.3715936], [86.747902, 53.3716112], [86.7479154, 53.3716368], [86.7479718, 53.3716432], [86.7480174, 53.3716336], [86.7480469, 53.371608], [86.748071, 53.3715024], [86.7481059, 53.3714864], [86.7481515, 53.3714832], [86.74824, 53.371504], [86.7482695, 53.3715248], [86.7482829, 53.3715536], [86.7482829, 53.3716144], [86.7483285, 53.3716256], [86.748476, 53.3716256], [86.7485806, 53.3715696], [86.7486289, 53.3715632], [86.7486745, 53.371568], [86.7487147, 53.3715792], [86.7487469, 53.3716], [86.7487898, 53.3716512], [86.7488301, 53.3716704], [86.748873, 53.3716768], [86.7489615, 53.3716608], [86.7492914, 53.3717088], [86.7493531, 53.3717489], [86.7494014, 53.3717601], [86.749447, 53.3717633], [86.749573, 53.3717264], [86.749675, 53.3717216], [86.7498064, 53.3717328], [86.7499405, 53.3717633], [86.7500344, 53.3717601], [86.7501068, 53.3717457], [86.7502007, 53.3717441], [86.750367, 53.3717937], [86.7504099, 53.3718017], [86.7504877, 53.3717985], [86.7505333, 53.3717873], [86.7505628, 53.3717665], [86.7505762, 53.371712], [86.7506057, 53.3716896], [86.750654, 53.3716784], [86.7507023, 53.3716768], [86.7507532, 53.3716848], [86.7509222, 53.3717393], [86.751008, 53.3717489], [86.7511475, 53.3717953], [86.7512923, 53.3718001], [86.7513728, 53.3717761], [86.7514801, 53.3717248], [86.7515069, 53.3717056], [86.751523, 53.3716], [86.7515364, 53.3715728], [86.7515686, 53.3715216], [86.7516357, 53.3714832], [86.7516759, 53.371472], [86.7517617, 53.3714656], [86.7518395, 53.3714976], [86.7519361, 53.371496], [86.7520568, 53.3714592], [86.7520997, 53.3714496], [86.7521507, 53.3714496], [86.7521989, 53.371456], [86.7522848, 53.3714768], [86.7523357, 53.3714784], [86.7524135, 53.3714512], [86.752502, 53.3713888], [86.7525771, 53.3713584], [86.7526737, 53.3713536], [86.7528614, 53.371368], [86.7529607, 53.3713744], [86.7529982, 53.3713648], [86.7530519, 53.3713216], [86.7530841, 53.371272], [86.7531377, 53.3712256], [86.753245, 53.3711696], [86.7532879, 53.3711616], [86.7533845, 53.3711568], [86.7534354, 53.3711616], [86.7535266, 53.3711824], [86.7536232, 53.3711792], [86.7536661, 53.3711696], [86.7537305, 53.3711295], [86.753768, 53.3711151], [86.7538217, 53.3711071], [86.7539531, 53.3711119], [86.7540523, 53.3711039], [86.7541033, 53.3710943], [86.7542562, 53.3710367], [86.7543581, 53.3710255], [86.754452, 53.3710319], [86.7545539, 53.3710159], [86.754629, 53.3709935], [86.7546612, 53.3709775], [86.7546639, 53.3709631], [86.7548087, 53.3709631], [86.754975, 53.3710127], [86.7550743, 53.3710175], [86.755152, 53.3710063], [86.7552111, 53.3709679], [86.7552862, 53.3709423], [86.7554203, 53.3709407], [86.7555007, 53.3709663], [86.7556053, 53.3710223], [86.7556992, 53.3710319], [86.7557877, 53.3710255], [86.7558628, 53.3709871], [86.7559594, 53.3708991], [86.7560264, 53.3708591], [86.7561096, 53.3708319], [86.7562008, 53.3708127], [86.7562973, 53.3708191], [86.7566085, 53.3709503], [86.7566836, 53.3709727], [86.7567801, 53.3709759], [86.7570215, 53.3708927], [86.7570698, 53.3708479], [86.7570645, 53.3707391], [86.757102, 53.3706879], [86.7571771, 53.3706495], [86.7572629, 53.3706399], [86.757338, 53.3706719], [86.7574292, 53.3706815], [86.757499, 53.3706463], [86.7575169, 53.3706121], [86.7575258, 53.3705951], [86.7575043, 53.3705406], [86.757381, 53.3704606], [86.7573434, 53.3704126], [86.7574024, 53.370371], [86.757499, 53.3703614], [86.7575741, 53.3703326], [86.7575955, 53.3702814], [86.7575794, 53.3701182], [86.7576277, 53.3700701], [86.7577994, 53.3700958], [86.7578262, 53.370211], [86.7579013, 53.370243], [86.7579979, 53.3702398], [86.7580676, 53.3702046], [86.7581105, 53.3701566], [86.7581105, 53.3701022], [86.7580622, 53.3699965], [86.7582017, 53.3698685], [86.758368, 53.3698365], [86.7584431, 53.3698013], [86.7585021, 53.3697053], [86.7586362, 53.3695676], [86.7587113, 53.369542], [86.7588025, 53.3695388], [86.7589474, 53.3695996], [86.7590278, 53.3695836], [86.7590761, 53.3694844], [86.759001, 53.369318], [86.7590332, 53.3692668], [86.7591029, 53.369238], [86.7592746, 53.3692444], [86.7595375, 53.3691964], [86.7597976, 53.369174], [86.7599559, 53.3692268], [86.7600095, 53.3691868], [86.7600095, 53.3691323], [86.7600498, 53.3690843], [86.7602161, 53.3690443], [86.7602992, 53.3689771], [86.7603931, 53.3689707], [86.7605004, 53.3690235], [86.7606023, 53.3690219], [86.7606935, 53.3689595], [86.7607418, 53.3688731], [86.7609671, 53.3687371], [86.7610073, 53.3687259], [86.7610529, 53.3687243], [86.7610985, 53.3687291], [86.7612836, 53.3687643], [86.761474, 53.3687563], [86.7614874, 53.3687291], [86.7614445, 53.3686442], [86.7616859, 53.3685178], [86.7616913, 53.3684378], [86.7617959, 53.3683834], [86.761879, 53.3683914], [86.7619568, 53.368425], [86.761989, 53.3685642], [86.7620265, 53.3685818], [86.7620695, 53.368585], [86.7621043, 53.368569], [86.7621177, 53.3684842], [86.7621875, 53.3684538], [86.7622331, 53.368465], [86.7622974, 53.3685386], [86.762335, 53.3685546], [86.7623806, 53.3685498], [86.7624128, 53.368529], [86.7623967, 53.368449], [86.7624423, 53.3683722], [86.7623377, 53.3683082], [86.7623135, 53.3682553], [86.762335, 53.3682041], [86.7624155, 53.3681881], [86.7625898, 53.3682233], [86.7626488, 53.3682009], [86.762681, 53.3681801], [86.7627722, 53.3680825], [86.7628098, 53.3680665], [86.7629921, 53.3681433], [86.7631745, 53.3681161], [86.7634052, 53.3681305], [86.7634723, 53.3682697], [86.7635956, 53.3682985], [86.7636573, 53.3682281], [86.7636251, 53.3681145], [86.7637029, 53.3680457], [86.7637888, 53.3680553], [86.76388, 53.3681417], [86.7639255, 53.3681353], [86.7639846, 53.3680633], [86.764065, 53.3680441], [86.7641079, 53.3680521], [86.7642018, 53.3681129], [86.7642474, 53.3681161], [86.7642903, 53.3681113], [86.7643386, 53.3680105], [86.7645264, 53.3679785], [86.7645961, 53.3679401], [86.7646149, 53.3678904], [86.7646471, 53.3678728], [86.76469, 53.3678776], [86.7647329, 53.3679273], [86.7647785, 53.3679337], [86.764816, 53.3679225], [86.764859, 53.367876], [86.7647865, 53.3677448], [86.7647946, 53.367716], [86.764816, 53.367692], [86.7649475, 53.3676888], [86.7650065, 53.3676536], [86.764977, 53.367596], [86.7647999, 53.3674663], [86.7648134, 53.3674391], [86.7648804, 53.3674087], [86.764977, 53.3674055], [86.7650011, 53.3674599], [86.7650387, 53.3674743], [86.765162, 53.3674423], [86.7651835, 53.3673863], [86.7651191, 53.3673175], [86.765264, 53.3672231], [86.7652506, 53.3671975], [86.7650977, 53.3671334], [86.7650762, 53.3671094], [86.7651755, 53.367055], [86.7651862, 53.3670294], [86.7651755, 53.3670022], [86.7651138, 53.3669622], [86.7651272, 53.3669414], [86.765205, 53.3668694], [86.7652237, 53.366815], [86.7651004, 53.3666389], [86.7651084, 53.3666117], [86.7652023, 53.3665509], [86.7652693, 53.3664773], [86.7652479, 53.3663124], [86.7653686, 53.3661908], [86.7653713, 53.3660227], [86.7654088, 53.3658707], [86.7653981, 53.3657619], [86.7654195, 53.365677], [86.7654759, 53.365637], [86.7655161, 53.3656274], [86.7656019, 53.3656338], [86.7656475, 53.365629], [86.7656824, 53.3656114], [86.7656878, 53.3655842], [86.7657039, 53.3655586], [86.7657816, 53.3655282], [86.7658138, 53.3655074], [86.7658326, 53.3654834], [86.765838, 53.3654562], [86.7658299, 53.3654306], [86.7657897, 53.3654161], [86.7656422, 53.3654338], [86.7655966, 53.3654258], [86.7655295, 53.3653809], [86.7654839, 53.3653057], [86.7654464, 53.3652881], [86.7653981, 53.3652833], [86.7653498, 53.3652881], [86.7653042, 53.3653057], [86.7653096, 53.3653601], [86.7652854, 53.3653873], [86.7652425, 53.3654033], [86.7651916, 53.3653953], [86.7651567, 53.3653761], [86.765162, 53.3653217], [86.7651165, 53.3653089], [86.7650279, 53.3652993], [86.7649984, 53.3652769], [86.764985, 53.3652497], [86.7650065, 53.3652257], [86.7651111, 53.3651681], [86.7651165, 53.3651393], [86.7651004, 53.3651153], [86.765036, 53.365072], [86.7650306, 53.3650448], [86.7650387, 53.3650176], [86.7650762, 53.3650016], [86.765213, 53.3650032], [86.7652881, 53.3649568], [86.7653176, 53.3649024], [86.7653069, 53.3648208], [86.7653069, 53.3647935], [86.7653176, 53.3647679], [86.7653391, 53.3647439], [86.7653713, 53.3647231], [86.7654088, 53.3647103], [86.7654517, 53.3647007], [86.7654973, 53.3646959], [86.7655429, 53.3646959], [86.7655912, 53.3647039], [86.7656261, 53.3647199], [86.7657146, 53.3647935], [86.7658138, 53.364848], [86.7658621, 53.3648544], [86.765956, 53.3648368], [86.7659855, 53.3648192], [86.7660069, 53.3647919], [86.766023, 53.3647391], [86.7660257, 53.3646543], [86.766074, 53.3646047], [86.7661625, 53.3645903], [86.766243, 53.3646095], [86.7662913, 53.3646047], [86.7663342, 53.3645823], [86.7663556, 53.3645583], [86.7663503, 53.3645327], [86.7662376, 53.3644446], [86.7662403, 53.3644174], [86.7662698, 53.3643902], [86.7663047, 53.3643662], [86.7663422, 53.3643502], [86.7663825, 53.3643422], [86.7664307, 53.3643406], [86.7664763, 53.3643422], [86.7665568, 53.3643598], [86.766589, 53.3643774], [86.7666131, 53.3643998], [86.7666346, 53.3644286], [86.7666507, 53.364483], [86.7666829, 53.3645039], [86.7667285, 53.3645119], [86.7667741, 53.3645151], [86.7668679, 53.3644959], [86.7669752, 53.3644446], [86.7669886, 53.364419], [86.7670825, 53.3644142], [86.7671227, 53.364427], [86.7671549, 53.3644478], [86.7672273, 53.3645183], [86.7672676, 53.3645343], [86.7673159, 53.3645423], [86.7673615, 53.3645407], [86.7674339, 53.3645039], [86.7674902, 53.3644286], [86.7675412, 53.3643806], [86.767576, 53.3643614], [86.7676619, 53.364347], [86.7677021, 53.3643566], [86.7677557, 53.3644638], [86.767796, 53.364483], [86.7678872, 53.3645023], [86.7680749, 53.3645023], [86.7681608, 53.3645151], [86.7682412, 53.3645471], [86.7683324, 53.3646127], [86.7683807, 53.3646159], [86.7683968, 53.3645871], [86.7683753, 53.3645343], [86.7683941, 53.3645103], [86.7684397, 53.3645023], [86.7685416, 53.3645007], [86.7686731, 53.3645151], [86.7687187, 53.3645103], [86.7687911, 53.3644846], [86.7688259, 53.364467], [86.7688447, 53.364443], [86.7688528, 53.3644158], [86.7688313, 53.3643886], [86.7687294, 53.3643262], [86.7687267, 53.3642974], [86.7687562, 53.3642462], [86.7687455, 53.3642174], [86.768716, 53.3641949], [86.7686382, 53.3641677], [86.768606, 53.3641437], [86.7686087, 53.3641133], [86.7686328, 53.3640893], [86.7686704, 53.3640717], [86.768716, 53.3640653], [86.7688125, 53.3640605], [86.7688474, 53.3640781], [86.7688903, 53.3640845], [86.7689332, 53.3640813], [86.7689681, 53.3640653], [86.7689869, 53.3640429], [86.7689976, 53.3640157], [86.7689869, 53.3639901], [86.7689627, 53.3639677], [86.768893, 53.3639261], [86.7688769, 53.3638988], [86.7688608, 53.3638332], [86.7688554, 53.3637772], [86.7688715, 53.3637484], [86.768901, 53.3637276], [86.7689601, 53.3637116], [86.7690942, 53.3637676], [86.7691424, 53.3637676], [86.769188, 53.3637548], [86.7692015, 53.3637068], [86.7691666, 53.3636876], [86.7691183, 53.3636732], [86.7691049, 53.3636444], [86.7691156, 53.3636155], [86.7691451, 53.3635915], [86.7691854, 53.3635755], [86.7692524, 53.3635627], [86.7693087, 53.3635691], [86.7694402, 53.3636187], [86.769534, 53.3636908], [86.7695716, 53.3637052], [86.7697942, 53.3637436], [86.7698345, 53.3637596], [86.7699069, 53.363798], [86.7699498, 53.3638508], [86.7700088, 53.3639004], [86.7700785, 53.3639341], [86.7701671, 53.3639581], [86.77021, 53.3639597], [86.7702502, 53.3639501], [86.7702877, 53.3639389], [86.7703146, 53.3639165], [86.770336, 53.3638924], [86.7703414, 53.3638652], [86.7702958, 53.3638172], [86.7702234, 53.3637804], [86.7701831, 53.3637276], [86.7701805, 53.363702], [86.7701912, 53.3636764], [86.7702207, 53.3636508], [86.7703441, 53.3636123], [86.7703709, 53.3635915], [86.7703709, 53.3635643], [86.7703333, 53.3635419], [86.7701375, 53.3635019], [86.7701188, 53.3634763], [86.7701241, 53.3634491], [86.7701536, 53.3634283], [86.7701939, 53.3634171], [86.7702395, 53.3634107], [86.7703763, 53.3634171], [86.7703977, 53.3633627], [86.7704004, 53.3633338], [86.7704245, 53.3633098], [86.7704889, 53.3632778], [86.770623, 53.3632762], [86.7707035, 53.3632986], [86.7707464, 53.3633002], [86.7708403, 53.3632922], [86.7709181, 53.363273], [86.7709315, 53.3632474], [86.770902, 53.363225], [86.770733, 53.3631722], [86.7707142, 53.3631466], [86.7707384, 53.3631258], [86.7707813, 53.3631082], [86.7708242, 53.3631018], [86.7708752, 53.3631082], [86.7709905, 53.363153], [86.7710361, 53.3631562], [86.771087, 53.3631546], [86.7711729, 53.3631386], [86.771197, 53.3631162], [86.7711997, 53.363089], [86.7711809, 53.3630633], [86.7711487, 53.3630457], [86.771028, 53.3630009], [86.7710093, 53.3629769], [86.7710254, 53.3629225], [86.7710468, 53.3628969], [86.7711058, 53.3628553], [86.7711541, 53.3628377], [86.771248, 53.3628217], [86.7713231, 53.3628537], [86.771374, 53.3628521], [86.7714438, 53.3628121], [86.7714867, 53.3628009], [86.7715323, 53.3627961], [86.7716154, 53.3628217], [86.771661, 53.3628249], [86.7717791, 53.3627944], [86.771822, 53.3627928], [86.7718649, 53.3627993], [86.7719427, 53.3628665], [86.7719856, 53.3628745], [86.7720285, 53.3628713], [86.7720607, 53.3628537], [86.7720768, 53.3628297], [86.7721331, 53.3628009], [86.7721707, 53.3627864], [86.7722136, 53.362788], [86.7723235, 53.3628329], [86.7723718, 53.3628297], [86.7724067, 53.3628121], [86.7724282, 53.362788], [86.772455, 53.362732], [86.7724845, 53.3627096], [86.7725301, 53.3626952], [86.7725784, 53.3626952], [86.7726186, 53.3627048], [86.7726427, 53.3627288], [86.7726481, 53.3627848], [86.7726883, 53.3628025], [86.7728278, 53.3628089], [86.7728654, 53.3627977], [86.7728841, 53.3627704], [86.77286, 53.3627192], [86.772801, 53.3626728], [86.7727929, 53.3626472], [86.772801, 53.3626216], [86.7728546, 53.3625752], [86.7728922, 53.3625592], [86.7729405, 53.3625528], [86.7730719, 53.3625704], [86.7731175, 53.362564], [86.7731577, 53.3625528], [86.7732194, 53.3625159], [86.773265, 53.3625063], [86.7733026, 53.3625191], [86.7733481, 53.3625207], [86.773383, 53.3625063], [86.7734125, 53.3624519], [86.7733911, 53.3624263], [86.7733079, 53.3623927], [86.7732865, 53.3623687], [86.7733186, 53.3623223], [86.7733535, 53.3623063], [86.7733964, 53.3622967], [86.7734474, 53.3622967], [86.7735386, 53.3623223], [86.7735842, 53.3623287], [86.7736539, 53.3622919], [86.7736727, 53.3622374], [86.7737076, 53.3622182], [86.7737558, 53.3622118], [86.7738444, 53.3622198], [86.7738819, 53.3622406], [86.7738926, 53.3622695], [86.7738873, 53.3622999], [86.7737934, 53.3624007], [86.773788, 53.3624311], [86.7738041, 53.3624567], [86.773839, 53.3624791], [86.7738873, 53.3624871], [86.7739302, 53.3624775], [86.7739865, 53.3624023], [86.774016, 53.3623831], [86.7741421, 53.3623479], [86.7742708, 53.3623255], [86.7743379, 53.3622903], [86.7744505, 53.3622438], [86.7744639, 53.3622182], [86.7744318, 53.3621974], [86.774295, 53.3621654], [86.7742816, 53.3621398], [86.7743191, 53.3620886], [86.7744023, 53.3620614], [86.7745739, 53.362047], [86.774641, 53.362039], [86.7747831, 53.362039], [86.7748502, 53.362063], [86.7749441, 53.362127], [86.774987, 53.3621366], [86.7750326, 53.3621318], [86.7750755, 53.3621238], [86.7751104, 53.3621094], [86.7751935, 53.3620021], [86.7752606, 53.3619637], [86.7753437, 53.3619429], [86.7753893, 53.3619525], [86.7754081, 53.3619781], [86.7754242, 53.3620598], [86.7754698, 53.362071], [86.7756119, 53.3620886], [86.7756361, 53.3621142], [86.7756495, 53.3621718], [86.7756656, 53.3621974], [86.7756844, 53.3622214], [86.7757246, 53.3622406], [86.7757675, 53.3622518], [86.7758158, 53.362247], [86.7758533, 53.3622358], [86.7758962, 53.3622182], [86.7759258, 53.3621958], [86.7759177, 53.3621414], [86.7759499, 53.3620918], [86.7759848, 53.3620774], [86.7760706, 53.362063], [86.7761108, 53.362047], [86.7761403, 53.3620246], [86.7761806, 53.3619221], [86.7761296, 53.3618469], [86.7760518, 53.3617765], [86.7760035, 53.3616996], [86.7760035, 53.361642], [86.776025, 53.3616164], [86.7760518, 53.3615908], [86.7761216, 53.3615492], [86.7762074, 53.3615332], [86.7762986, 53.3615364], [86.77643, 53.3615716], [86.7765695, 53.3615876], [86.776607, 53.3615748], [86.7766339, 53.361554], [86.7765909, 53.3614739], [86.7766124, 53.3614227], [86.7766446, 53.3614019], [86.7766875, 53.3613923], [86.7767331, 53.3613923], [86.7768458, 53.3614371], [86.776894, 53.3614339], [86.7769289, 53.3614195], [86.7769664, 53.3613699], [86.7770469, 53.3613443], [86.7770737, 53.3613235], [86.7770925, 53.3612995], [86.7770952, 53.3612723], [86.7770925, 53.361245], [86.777063, 53.3612242], [86.7770228, 53.3612066], [86.7769691, 53.3611618], [86.7769557, 53.3611362], [86.7769611, 53.3610866], [86.7769584, 53.361061], [86.7769423, 53.361037], [86.7769101, 53.3610177], [86.776776, 53.3610546], [86.7766982, 53.3610258], [86.7766768, 53.3610017], [86.7766741, 53.3609761], [86.7766848, 53.3609473], [86.7767465, 53.3608737], [86.7767438, 53.3607889], [86.7767921, 53.3607424], [86.7768699, 53.3607024], [86.776894, 53.3606816], [86.776894, 53.3606544], [86.7769182, 53.360632], [86.777004, 53.360624], [86.7770684, 53.360664], [86.7770764, 53.3606912], [86.777114, 53.3607056], [86.7771596, 53.3607088], [86.7772025, 53.360704], [86.77724, 53.3606912], [86.7772695, 53.3606736], [86.7773151, 53.3606256], [86.7773205, 53.3605984], [86.777299, 53.3605439], [86.7771703, 53.3604191], [86.7771569, 53.3603423], [86.777181, 53.3602894], [86.7772052, 53.360267], [86.7772803, 53.3602318], [86.7773017, 53.3602094], [86.7772615, 53.3600749], [86.7773205, 53.3599069], [86.7773554, 53.3598573], [86.7774117, 53.359814], [86.7774975, 53.3597852], [86.777637, 53.3597756], [86.7777228, 53.3597932], [86.7777711, 53.3597948], [86.7778087, 53.3597772], [86.7778516, 53.3597308], [86.7778864, 53.3597164], [86.7779347, 53.3597148], [86.7780179, 53.3597452], [86.7780635, 53.3597436], [86.778152, 53.3596828], [86.7782003, 53.3596332], [86.7781842, 53.3595755], [86.7780125, 53.3595083], [86.777975, 53.3594555], [86.777983, 53.3593962], [86.7779991, 53.359369], [86.7780474, 53.3593242], [86.7781252, 53.3592858], [86.7782459, 53.3592506], [86.7782781, 53.3592314], [86.7782915, 53.3592058], [86.7782834, 53.3591785], [86.7781252, 53.3591161], [86.7780581, 53.3590777], [86.7780447, 53.3590521], [86.7781198, 53.3589512], [86.7781305, 53.3588984], [86.7780957, 53.3588808], [86.7780045, 53.3588728], [86.7779374, 53.3588584], [86.7778918, 53.3588504], [86.7778623, 53.3588296], [86.7778489, 53.3588024], [86.777865, 53.3587784], [86.7779535, 53.3587159], [86.7779589, 53.3586887], [86.7779025, 53.3586407], [86.7778918, 53.3586151], [86.7779025, 53.3585879], [86.7779113, 53.3585812], [86.777932, 53.3585655], [86.7779669, 53.3585479], [86.7780501, 53.3585222], [86.7780957, 53.3585238], [86.7781198, 53.3585479], [86.7781305, 53.3586055], [86.7780876, 53.3587159], [86.7781171, 53.3587399], [86.7781627, 53.3587415], [86.7782029, 53.3587303], [86.778262, 53.3586903], [86.7782834, 53.3586135], [86.7783076, 53.3585911], [86.7783987, 53.3585687], [86.7784873, 53.3585895], [86.7785731, 53.3585911], [86.7786509, 53.3585575], [86.7786697, 53.3585334], [86.778667, 53.3585078], [86.7786455, 53.3584806], [86.7786375, 53.358423], [86.7786562, 53.3583974], [86.7786965, 53.3583766], [86.7787904, 53.3583702], [86.7789111, 53.358407], [86.7790049, 53.3584006], [86.7792946, 53.3582677], [86.7793348, 53.3582581], [86.7796299, 53.3582597], [86.7798525, 53.3583045], [86.7800429, 53.3582933], [86.7800939, 53.3582837], [86.7801315, 53.3582709], [86.780161, 53.3582181], [86.7801341, 53.3581957], [86.7799973, 53.3581509], [86.7799732, 53.3581301], [86.7799732, 53.3580996], [86.779992, 53.3580756], [86.7800295, 53.358058], [86.7800778, 53.35805], [86.7801797, 53.3580484], [86.7803353, 53.3581012], [86.7804292, 53.358106], [86.780507, 53.3580836], [86.7806143, 53.3580372], [86.7806545, 53.3580276], [86.7807537, 53.3580276], [86.7807886, 53.358042], [86.780802, 53.358098], [86.7808288, 53.358122], [86.7808717, 53.3581349], [86.7809173, 53.3581381], [86.7809978, 53.3581172], [86.7810327, 53.3580996], [86.7811051, 53.3580308], [86.7811426, 53.3580148], [86.7812741, 53.3580196], [86.781368, 53.3580292], [86.7814189, 53.3580228], [86.7814752, 53.3579796], [86.7815101, 53.3578963], [86.7815798, 53.3578179], [86.7816603, 53.3577923], [86.7817274, 53.3577539], [86.7817649, 53.3577395], [86.7818159, 53.3577379], [86.7818615, 53.3577491], [86.7818937, 53.3577683], [86.7819124, 53.3577955], [86.7819312, 53.3578819], [86.7819554, 53.3579043], [86.7820734, 53.3579508], [86.782119, 53.3579572], [86.7822155, 53.3579508], [86.7823765, 53.3579075], [86.7825106, 53.3579204], [86.7825535, 53.3579091], [86.7825749, 53.3578563], [86.7825669, 53.3578275], [86.7825186, 53.3577795], [86.7824167, 53.3577138], [86.7824006, 53.3576866], [86.7824408, 53.3575938], [86.7824355, 53.357541], [86.782304, 53.3574625], [86.7822584, 53.3574129], [86.7822638, 53.3573329], [86.7823818, 53.3571888], [86.7823121, 53.3570863], [86.7823094, 53.3570575], [86.7823175, 53.3570303], [86.7823657, 53.3569839], [86.7823979, 53.3569647], [86.7824435, 53.3569535], [86.7824891, 53.3569471], [86.7825884, 53.3569423], [86.7829049, 53.3569919], [86.7829987, 53.3569935], [86.7830792, 53.3569663], [86.7831087, 53.3569407], [86.7831355, 53.3568894], [86.7832187, 53.3568286], [86.7832938, 53.3567998], [86.7833421, 53.3567934], [86.783385, 53.3567918], [86.7834198, 53.356811], [86.7834654, 53.3568606], [86.783503, 53.3568798], [86.7835513, 53.3568846], [86.7835915, 53.3568766], [86.7836237, 53.356859], [86.7836532, 53.3568078], [86.783621, 53.3567262], [86.7836505, 53.3566733], [86.7836827, 53.3566509], [86.7838544, 53.3565853], [86.7839026, 53.3565805], [86.7839804, 53.3566173], [86.7840046, 53.3567342], [86.7840448, 53.3567486], [86.7840984, 53.356755], [86.7842004, 53.3567438], [86.7842352, 53.3567278], [86.7842755, 53.3566749], [86.784313, 53.3565885], [86.784372, 53.3565437], [86.7844149, 53.3565341], [86.7845115, 53.3565373], [86.7845625, 53.3565821], [86.7846537, 53.3565917], [86.7846858, 53.3565725], [86.7847288, 53.3565677], [86.78482, 53.3565821], [86.7849004, 53.3566221], [86.7849246, 53.3567053], [86.7849568, 53.3567246], [86.7850533, 53.3567502], [86.7851016, 53.3567534], [86.7851472, 53.3567438], [86.7852303, 53.3566781], [86.7852759, 53.3566685], [86.7853188, 53.3566685], [86.7854556, 53.3566861], [86.7855066, 53.3567342], [86.7855442, 53.356747], [86.7855951, 53.3567486], [86.785638, 53.3567406], [86.7856756, 53.3567213], [86.7857265, 53.3567165], [86.7857695, 53.3567197], [86.7858097, 53.3567294], [86.7859089, 53.356787], [86.7859519, 53.3567982], [86.7859974, 53.356803], [86.786043, 53.3568014], [86.786094, 53.3567934], [86.7861611, 53.356755], [86.7861611, 53.3567278], [86.7860377, 53.3566333], [86.786043, 53.3566029], [86.7860806, 53.3565805], [86.7861262, 53.3565661], [86.7861691, 53.3565581], [86.7862201, 53.3565549], [86.7862657, 53.3565565], [86.7863166, 53.3565661], [86.7863488, 53.3565885], [86.7863864, 53.3566733], [86.7864159, 53.3566941], [86.7865339, 53.3567342], [86.7866304, 53.3567294], [86.7866707, 53.3567165], [86.7867002, 53.3566941], [86.7867056, 53.3566365], [86.7866707, 53.3565853], [86.7866653, 53.3565549], [86.7866814, 53.3565309], [86.7867109, 53.3565116], [86.7867967, 53.3564972], [86.786845, 53.3565036], [86.7868826, 53.3565228], [86.7869014, 53.3565469], [86.7869443, 53.3565565], [86.7870355, 53.3565357], [86.7871132, 53.3565068], [86.7871481, 53.3564892], [86.7871749, 53.3564636], [86.7872044, 53.3564092], [86.7872125, 53.3563804], [86.7872044, 53.3563548], [86.7871267, 53.3563227], [86.787132, 53.3562955], [86.7871669, 53.3562747], [86.7872822, 53.3562363], [86.7874753, 53.3562715], [86.7875987, 53.3563179], [86.7876577, 53.356366], [86.7876899, 53.3564172], [86.7877248, 53.3564348], [86.7878187, 53.3564524], [86.7878562, 53.3564684], [86.7878804, 53.356494], [86.7879045, 53.3565469], [86.7879286, 53.3565725], [86.7879635, 53.3565917], [86.7880547, 53.3565933], [86.7880923, 53.3565837], [86.7881083, 53.3565581], [86.7881083, 53.3565309], [86.7880735, 53.3564492], [86.788111, 53.3563964], [86.7881808, 53.3563596], [86.7882264, 53.35635], [86.7883149, 53.3563484], [86.7883444, 53.3563676], [86.7883658, 53.3564204], [86.7884168, 53.3564636], [86.7884597, 53.3564684], [86.7885321, 53.3564396], [86.7885697, 53.3563884], [86.7885643, 53.3563339], [86.7885321, 53.3562843], [86.7884758, 53.3562379], [86.7883497, 53.3561547], [86.7883176, 53.3561066], [86.7883551, 53.3560602], [86.7883873, 53.356041], [86.7884678, 53.3560202], [86.7885536, 53.3560218], [86.7886046, 53.356017], [86.7887467, 53.3560506], [86.7888862, 53.3561547], [86.7889264, 53.3561691], [86.7890257, 53.3561739], [86.7890605, 53.3561563], [86.789082, 53.3561322], [86.7890981, 53.356105], [86.7891088, 53.3560794], [86.7891115, 53.3560538], [86.7890874, 53.3559674], [86.7890927, 53.3559385], [86.7891169, 53.3559113], [86.7891517, 53.3558937], [86.7891946, 53.3558857], [86.7892939, 53.3558793], [86.7893422, 53.3558857], [86.7894173, 53.3559209], [86.7894655, 53.3559225], [86.7896104, 53.3559033], [86.789656, 53.3559081], [86.7897043, 53.3559177], [86.7897364, 53.3559401], [86.7897445, 53.3559674], [86.7897713, 53.3559882], [86.7898706, 53.3559914], [86.789951, 53.3559642], [86.7899698, 53.3559385], [86.7899537, 53.3558857], [86.7899618, 53.3558585], [86.7899939, 53.3558409], [86.7900369, 53.3558297], [86.7900851, 53.3558217], [86.7901817, 53.3558169], [86.7902273, 53.3558217], [86.7902702, 53.3558361], [86.7903534, 53.3558681], [86.7903936, 53.3558905], [86.7904553, 53.355977], [86.7905143, 53.3560186], [86.7906484, 53.3560442], [86.7907959, 53.3560362], [86.7908844, 53.3560378], [86.7909327, 53.3560346], [86.7909783, 53.356017], [86.7911097, 53.3559337], [86.7911419, 53.3559097], [86.7911634, 53.3558841], [86.7912036, 53.3558073], [86.7912385, 53.3557833], [86.791327, 53.3557576], [86.7914209, 53.3557656], [86.7914557, 53.3557817], [86.7914906, 53.3558329], [86.791622, 53.3558745], [86.791665, 53.3558841], [86.7917588, 53.3558857], [86.7918071, 53.3558937], [86.7918473, 53.3559129], [86.7919412, 53.3559257], [86.7919868, 53.3559177], [86.792019, 53.3558969], [86.7920297, 53.3558697], [86.7920163, 53.3558425], [86.7919627, 53.3557993], [86.791968, 53.3557704], [86.7920002, 53.355748], [86.7920405, 53.3557384], [86.7920914, 53.3557336], [86.7922738, 53.3558089], [86.7923892, 53.3558553], [86.7924401, 53.3558665], [86.7924884, 53.3558665], [86.7925367, 53.3558569], [86.792601, 53.3558169], [86.7926171, 53.3557913], [86.792652, 53.3557688], [86.7926949, 53.355756], [86.7928398, 53.3557496], [86.7929739, 53.3557656], [86.7930275, 53.3557528], [86.7931026, 53.355716], [86.7931214, 53.3556584], [86.7931455, 53.355636], [86.7931885, 53.3556216], [86.7932904, 53.3556104], [86.793344, 53.3556136], [86.7933869, 53.3556216], [86.7934164, 53.3556408], [86.7934272, 53.3556696], [86.7934728, 53.3556856], [86.7936203, 53.3556824], [86.7936605, 53.355668], [86.7936847, 53.3556472], [86.7937061, 53.3555944], [86.7938805, 53.3555271], [86.7938805, 53.3554727], [86.7939314, 53.3554215], [86.7940038, 53.3553814], [86.7942131, 53.355319], [86.7943177, 53.3552662], [86.7943498, 53.3552133], [86.7943042, 53.3551349], [86.7942962, 53.3551061], [86.7943096, 53.3550773], [86.7943338, 53.3550533], [86.7944464, 53.355002], [86.7944813, 53.3549812], [86.7945269, 53.3549348], [86.7948461, 53.3548291], [86.7949319, 53.3547859], [86.795176, 53.3546915], [86.7953128, 53.3546899], [86.795361, 53.3547011], [86.795404, 53.3547171], [86.795463, 53.3547683], [86.7956024, 53.3547987], [86.7956534, 53.3548019], [86.795809, 53.3547747], [86.7958546, 53.3547571], [86.7958841, 53.3547331], [86.7958868, 53.3546722], [86.7958331, 53.3545522], [86.7958331, 53.3545234], [86.7958814, 53.3544721], [86.7959189, 53.3544561], [86.7960128, 53.3544465], [86.7961872, 53.3544753], [86.7962864, 53.3544625], [86.7963803, 53.3544433], [86.7964634, 53.3544113], [86.79656, 53.3543457], [86.7966056, 53.3543409], [86.7967397, 53.3543601], [86.7967826, 53.3543553], [86.7968202, 53.3543409], [86.796847, 53.3543152], [86.7968497, 53.3542848], [86.7968282, 53.3542608], [86.7967477, 53.3542288], [86.7967263, 53.3542032], [86.7967424, 53.3541776], [86.7968631, 53.3541423], [86.7968899, 53.3541199], [86.7968443, 53.3540735], [86.7968068, 53.3540591], [86.7967746, 53.3540383], [86.7967772, 53.3540111], [86.7968845, 53.3539518], [86.7969087, 53.3538974], [86.7969435, 53.353883], [86.7970374, 53.3539006], [86.7970777, 53.3539198], [86.7970991, 53.3539438], [86.7970937, 53.3540303], [86.7971072, 53.3540575], [86.7972359, 53.3541167], [86.7972815, 53.3541231], [86.7975175, 53.3541231], [86.7976087, 53.3541071], [86.7976463, 53.3540927], [86.797767, 53.3540031], [86.7978662, 53.3539774], [86.7979628, 53.3539806], [86.7981264, 53.3540303], [86.7982659, 53.3540223], [86.798349, 53.3539919], [86.7983839, 53.3539726], [86.7984161, 53.3539182], [86.7984241, 53.3538638], [86.7983571, 53.3537581], [86.7983624, 53.3537005], [86.7984027, 53.353622], [86.7984, 53.3535948], [86.7983517, 53.3535164], [86.7983597, 53.3534876], [86.7984322, 53.3534443], [86.7986467, 53.3533931], [86.7987406, 53.3533515], [86.7987755, 53.3533307], [86.7988023, 53.3533067], [86.798813, 53.353281], [86.7988077, 53.3532538], [86.7987916, 53.3532282], [86.798746, 53.353177], [86.7987326, 53.3531498], [86.7987272, 53.3531225], [86.7987299, 53.3530921], [86.798746, 53.3530617], [86.7987674, 53.3530377], [86.7987916, 53.3530169], [86.7988613, 53.3529817]]}}, {"type": "Feature", "properties": {"id": 0.9529150768104016, "osm_id": 835421113, "name_kz": "Шунарак", "name_ru": "Шунарак", "name_en": "", "object_type": "river"}, "geometry": {"type": "LineString", "coordinates": [[86.8835521, 52.4736842], [86.8831229, 52.473841], [86.8827152, 52.474024], [86.882329, 52.4742462], [86.88205, 52.4744684], [86.8818784, 52.4747429], [86.8815136, 52.4752657], [86.8811917, 52.475514], [86.8808269, 52.4757362], [86.8805909, 52.4760368], [86.8804192, 52.4763374], [86.8796038, 52.4774483], [86.8793893, 52.4777489], [86.8791318, 52.4780233], [86.8785095, 52.4785461], [86.8782949, 52.4788075], [86.8781233, 52.4790558], [86.8778014, 52.4792779], [86.8773937, 52.479487], [86.8769431, 52.4796831], [86.8764925, 52.4798007], [86.8759775, 52.4798399], [86.8755269, 52.4797746], [86.8750334, 52.4797354], [86.8744969, 52.4798007], [86.8735528, 52.4797876], [86.8730807, 52.4796831], [86.871686, 52.479487], [86.8711924, 52.4794348], [86.8685961, 52.4792779], [86.8681454, 52.4792126], [86.8676734, 52.4792126], [86.8672442, 52.4792518], [86.8668151, 52.4792126], [86.866343, 52.4792126], [86.8658495, 52.4791734], [86.8654632, 52.4790296], [86.8650555, 52.4789251], [86.8636822, 52.4787683], [86.8632531, 52.4786506], [86.8628025, 52.47852], [86.8613005, 52.4779318], [86.8611073, 52.47786], [86.8609035, 52.4777619], [86.8606889, 52.4777031], [86.8604529, 52.477677], [86.8602276, 52.4776378], [86.860013, 52.4775855], [86.8598091, 52.4775071], [86.8575883, 52.4771804], [86.8574059, 52.4771085], [86.8568158, 52.477213], [86.8566871, 52.4771934], [86.856569, 52.4771902], [86.8560648, 52.477249], [86.855936, 52.4772522], [86.8558448, 52.4772163], [86.8557161, 52.4772163], [86.8554264, 52.4772522], [86.855303, 52.4772718], [86.8551797, 52.477298], [86.8549651, 52.4773601], [86.854831, 52.4773895], [86.8546969, 52.4774025], [86.8544555, 52.4773895], [86.8543535, 52.4774156], [86.8541229, 52.4774515], [86.8537742, 52.4775659], [86.8536669, 52.4775888], [86.8535489, 52.4776116], [86.8532324, 52.4777064], [86.853109, 52.4777227], [86.8529856, 52.4777129], [86.852873, 52.4776966], [86.8527603, 52.4776672], [86.8526798, 52.4776182], [86.8526208, 52.4775528], [86.8525243, 52.4775071], [86.8522775, 52.4774842], [86.8521649, 52.4774973], [86.8513709, 52.4776312], [86.8510491, 52.4776345], [86.8509257, 52.4776508], [86.8508828, 52.4776574], [86.8506896, 52.4777391], [86.8503839, 52.4778273], [86.8502766, 52.4778469], [86.8501639, 52.4778469], [86.8499386, 52.4778207], [86.8498045, 52.4778142], [86.8496919, 52.4778273], [86.8495631, 52.4778502], [86.8491876, 52.4779024], [86.8489194, 52.4779318], [86.8487853, 52.4779416], [86.8486726, 52.477958], [86.8483561, 52.4781115], [86.8474871, 52.47835], [86.847353, 52.4783729], [86.8469399, 52.4784775], [86.8468434, 52.4785134], [86.8467468, 52.4785591], [86.8466395, 52.4785918], [86.8462747, 52.4786637], [86.8460387, 52.4786898], [86.8457973, 52.478729], [86.8455774, 52.4788009], [86.8454593, 52.478814], [86.8453252, 52.4788303], [86.8452126, 52.4788303], [86.8450946, 52.4788238], [86.8449658, 52.4788009], [86.8447298, 52.478729], [86.8446386, 52.4786931], [86.8445206, 52.4786735], [86.8441772, 52.4786866], [86.8438232, 52.4787225], [86.8436944, 52.4787225], [86.8434638, 52.4787356], [86.8433189, 52.4787388], [86.8423587, 52.4788009], [86.8421119, 52.478765], [86.841774, 52.4786539], [86.841656, 52.4786245], [86.8415648, 52.4785853], [86.8414253, 52.4784971], [86.841318, 52.4784611], [86.8410927, 52.4784154], [86.8408513, 52.4783795], [86.8407386, 52.4783566], [86.8406421, 52.4783174], [86.8404865, 52.4781867], [86.8403953, 52.4781344], [86.8401647, 52.4780821], [86.8398535, 52.4779514], [86.8395424, 52.4778044], [86.8389362, 52.477494], [86.8388826, 52.4774287], [86.8386894, 52.4772392], [86.8386573, 52.4771738], [86.8386143, 52.4770366], [86.8385446, 52.4769712], [86.8384641, 52.4769157], [86.8383461, 52.4768046], [86.8382174, 52.4765988], [86.8381584, 52.4765367], [86.8379331, 52.47637], [86.8378258, 52.4762622], [86.8377668, 52.476174], [86.8372625, 52.4756251], [86.8371069, 52.4754258], [86.8370479, 52.4753669], [86.8368977, 52.475197], [86.8368441, 52.4751186], [86.8368119, 52.4750402], [86.8367851, 52.4748997], [86.8367475, 52.4748311], [86.8366939, 52.4747592], [86.8366134, 52.4747069], [86.8364042, 52.4746187], [86.8363237, 52.4745729], [86.836254, 52.4745043], [86.8362164, 52.474439], [86.8361521, 52.4742625], [86.8361038, 52.4741841], [86.8359643, 52.4740567], [86.8358087, 52.4739488], [86.8356854, 52.4738377], [86.8355191, 52.4737266], [86.8347466, 52.4733051], [86.834414, 52.4730829], [86.8343174, 52.4729587], [86.8341887, 52.4728411], [86.8340278, 52.4727104], [86.8338346, 52.4725928], [86.8334484, 52.4724424], [86.8333089, 52.4723313], [86.8332016, 52.4721745], [86.8330836, 52.4720438], [86.832912, 52.4719327], [86.8324828, 52.4717628], [86.832279, 52.4716517], [86.8321502, 52.4715406], [86.8320429, 52.4714098], [86.8318927, 52.4712922], [86.8316781, 52.4712072], [86.8315065, 52.4711223], [86.8313455, 52.4709981], [86.8312597, 52.4708739], [86.8311632, 52.4707628], [86.83097, 52.4706779], [86.8308091, 52.4705668], [86.8299884, 52.4699589], [86.8299186, 52.4698936], [86.8298596, 52.4698184], [86.8298542, 52.4697432], [86.8298596, 52.4696812], [86.8298382, 52.469606], [86.8296719, 52.4694165], [86.8296504, 52.4693511], [86.8296826, 52.4692792], [86.8297416, 52.4692106], [86.8297577, 52.4691452], [86.8297362, 52.4690799], [86.8297416, 52.4689818], [86.8298167, 52.4689328], [86.8299079, 52.4688969], [86.8299669, 52.468838], [86.8299937, 52.4687727], [86.8299991, 52.4687106], [86.8299669, 52.4686419], [86.8298703, 52.4685995], [86.8298113, 52.4685406], [86.8297684, 52.4684785], [86.8297684, 52.4684067], [86.8297899, 52.4683413], [86.829806, 52.4681975], [86.8298274, 52.4680276], [86.8298274, 52.4679589], [86.8298113, 52.4678968], [86.8296504, 52.4677792], [86.8295968, 52.4677171], [86.8295646, 52.4676485], [86.8295538, 52.4675047], [86.8295163, 52.4674393], [86.8294519, 52.467374], [86.8291676, 52.4672596], [86.8290925, 52.4671942], [86.8290496, 52.4671256], [86.8289906, 52.46707], [86.8289047, 52.4670243], [86.8286741, 52.4669654], [86.8285775, 52.4669197], [86.828481, 52.4668739], [86.8283898, 52.4668282], [86.8282342, 52.4667236], [86.8281054, 52.4666092], [86.8280089, 52.46657], [86.8278962, 52.4665471], [86.8277889, 52.4665079], [86.8276817, 52.4664556], [86.8274993, 52.4663314], [86.8273276, 52.4662301], [86.8272257, 52.4661876], [86.8268877, 52.4660732], [86.8261313, 52.4657007], [86.8260509, 52.4656484], [86.825847, 52.4655503], [86.8256593, 52.4654882], [86.825493, 52.4653869], [86.8253964, 52.4652758], [86.8252891, 52.4652039], [86.8251014, 52.4651157], [86.8248922, 52.4648673], [86.8247634, 52.4647856], [86.8245435, 52.46473], [86.8244469, 52.4646908], [86.8243718, 52.4646418], [86.8242913, 52.4645797], [86.8241948, 52.4644195], [86.8240929, 52.464243], [86.8240178, 52.4641907], [86.8237066, 52.4640861], [86.8235993, 52.4640437], [86.823374, 52.4639816], [86.8230361, 52.4639064], [86.8229395, 52.4638704], [86.8227088, 52.4637201], [86.8226445, 52.4636645], [86.8220115, 52.4632593], [86.8218291, 52.4631775], [86.8216789, 52.4631416], [86.821475, 52.4630599], [86.8212122, 52.4629095], [86.8210566, 52.4627853], [86.8209761, 52.4627265], [86.8207294, 52.4626546], [86.8205255, 52.4625566], [86.8204504, 52.4624977], [86.8203592, 52.4624487], [86.8201446, 52.4623931], [86.8197584, 52.4622101], [86.8196458, 52.4621643], [86.8190771, 52.4618538], [86.8189537, 52.461759], [86.8186963, 52.4615956], [86.8185461, 52.461527], [86.8184012, 52.4614289], [86.8183047, 52.4613243], [86.8182778, 52.4612034], [86.8181276, 52.4610988], [86.8179882, 52.461053], [86.8178916, 52.4610138], [86.8178004, 52.4609713], [86.8177199, 52.4609223], [86.8176448, 52.4608635], [86.8175912, 52.4608014], [86.8175536, 52.4607425], [86.8175805, 52.4606674], [86.8176502, 52.4606151], [86.8177521, 52.4605791], [86.8179774, 52.4605562], [86.8180633, 52.4605007], [86.8180954, 52.4604418], [86.8180686, 52.4603732], [86.8179882, 52.4603176], [86.817854, 52.4602032], [86.8177789, 52.4601509], [86.8176877, 52.4601084], [86.8176019, 52.4600594], [86.8175483, 52.4599973], [86.8175483, 52.4599287], [86.8175858, 52.45986], [86.8176717, 52.4598143], [86.8177628, 52.4597816], [86.8178379, 52.4597325], [86.8178862, 52.4596704], [86.8179184, 52.4596116], [86.8179345, 52.4595462], [86.8181062, 52.4592063], [86.8181544, 52.4591474], [86.8182188, 52.4590951], [86.8183422, 52.4589807], [86.8183905, 52.4589219], [86.8185192, 52.4587846], [86.8186372, 52.4585918], [86.8186587, 52.4585231], [86.8186587, 52.4584479], [86.8186533, 52.4583826], [86.8185997, 52.4583205], [86.81853, 52.4582649], [86.8184495, 52.4582224], [86.8183315, 52.4582028], [86.8181008, 52.4581832], [86.8178701, 52.4581145], [86.8177575, 52.458072], [86.817677, 52.458023], [86.8176126, 52.4579642], [86.8175322, 52.4579119], [86.817441, 52.4578628], [86.8173337, 52.4578334], [86.817221, 52.4578301], [86.8168724, 52.4578661], [86.8167436, 52.4578726], [86.8166256, 52.4578563], [86.8165237, 52.4578269], [86.8164378, 52.4577778], [86.8164164, 52.4577092], [86.8164486, 52.4575719], [86.8164539, 52.4574967], [86.8164861, 52.4572973], [86.8164593, 52.457232], [86.8164164, 52.4571698], [86.816352, 52.4571143], [86.8162715, 52.4570652], [86.8161642, 52.4570293], [86.816057, 52.4570358], [86.8159711, 52.4570783], [86.8159282, 52.4571502], [86.8158531, 52.4571993], [86.8157297, 52.457196], [86.8156493, 52.457147], [86.8156117, 52.4570816], [86.8156117, 52.4570162], [86.8156278, 52.4568887], [86.8155742, 52.4568332], [86.8154991, 52.4567841], [86.815322, 52.4566893], [86.8151772, 52.4565782], [86.8151396, 52.4565095], [86.8151289, 52.4564474], [86.8150967, 52.4563853], [86.8150645, 52.4562546], [86.8150216, 52.4561925], [86.8149412, 52.4561402], [86.8146729, 52.4560029], [86.8145978, 52.4559506], [86.8145335, 52.4558917], [86.814394, 52.4557806], [86.8143028, 52.4557315], [86.8142062, 52.455689], [86.8140507, 52.4555746], [86.8139648, 52.4554504], [86.813938, 52.455385], [86.8139327, 52.4553131], [86.8139166, 52.4552445], [86.8139112, 52.4551758], [86.8139541, 52.4548783], [86.8138739, 52.4540482]]}}, {"type": "Feature", "properties": {"id": 0.18211408067067802, "osm_id": 977420593, "name_kz": "Озеро Шухово", "name_ru": "Озеро Шухово", "name_en": "", "object_type": "lake"}, "geometry": {"type": "Polygon", "coordinates": [[[76.4626658, 56.0033664], [76.4623868, 56.0032344], [76.4620972, 56.0031325], [76.4618611, 56.0029945], [76.4615714, 56.0028985], [76.4613354, 56.0028625], [76.4611852, 56.0028685], [76.4608204, 56.0028145], [76.460638, 56.0027425], [76.4602947, 56.0026885], [76.4599728, 56.0025985], [76.4598656, 56.0025746], [76.4596403, 56.0024246], [76.4592326, 56.0022746], [76.4591467, 56.0022326], [76.4587068, 56.0022026], [76.4583313, 56.0022026], [76.458224, 56.0022326], [76.4581489, 56.0022866], [76.4580202, 56.0023046], [76.457634, 56.0023046], [76.4574087, 56.0022506], [76.4572799, 56.0021426], [76.4572155, 56.0020226], [76.4570117, 56.0019386], [76.456958, 56.0018847], [76.4564967, 56.0018007], [76.4562821, 56.0017347], [76.4560997, 56.0016507], [76.4559817, 56.0015367], [76.4557993, 56.0014647], [76.4556277, 56.0013747], [76.4555204, 56.0012667], [76.4555526, 56.0012067], [76.4555418, 56.0010867], [76.4554989, 56.0010328], [76.4554024, 56.0009908], [76.4553916, 56.0009308], [76.4553058, 56.0008948], [76.4550912, 56.0008468], [76.454587, 56.0008228], [76.4542544, 56.0007568], [76.4541364, 56.0007628], [76.4541578, 56.0008348], [76.4541256, 56.0009008], [76.4539969, 56.0009128], [76.4535355, 56.0008288], [76.4532566, 56.0006308], [76.4531493, 56.0006068], [76.4530957, 56.0005528], [76.4530957, 56.0004928], [76.4529455, 56.0003908], [76.4528918, 56.0003368], [76.4529347, 56.0002768], [76.4528918, 56.0002168], [76.4527094, 56.0001268], [76.4525807, 55.9999469], [76.45257, 55.9998809], [76.4524627, 55.9996409], [76.4522374, 55.9995749], [76.4521086, 55.9995809], [76.4520228, 55.9996229], [76.4516044, 55.9997369], [76.4514005, 55.9996709], [76.4514971, 55.9996409], [76.4517009, 55.9995029], [76.4520121, 55.9994309], [76.4522052, 55.9993649], [76.4523232, 55.9992569], [76.4525592, 55.9991249], [76.4529025, 55.9991069], [76.4530098, 55.9991189], [76.4530957, 55.9991489], [76.4533317, 55.9991669], [76.4534497, 55.9992749], [76.4537716, 55.9993409], [76.4539218, 55.9994429], [76.4543617, 55.9994969], [76.4545977, 55.9994909], [76.4546835, 55.9996229], [76.4547157, 55.9999709], [76.4547479, 56.0000309], [76.4549196, 56.0001028], [76.4551449, 56.0001328], [76.4552414, 56.0001088], [76.455574, 55.9999469], [76.4556813, 55.9998449], [76.4558637, 55.9997849], [76.4562929, 55.9997189], [76.4568937, 55.9996589], [76.457119, 55.9996649], [76.4575159, 55.9997669], [76.4579451, 55.9998149], [76.4581275, 55.9998809], [76.458267, 55.9999709], [76.458621, 56.0000249], [76.4588463, 56.0000369], [76.4589214, 56.0000789], [76.4593935, 56.0000908], [76.4594901, 56.0000489], [76.4595973, 56.0000729], [76.4601767, 56.0004508], [76.4602411, 56.0005048], [76.4603269, 56.0005468], [76.460917, 56.0005948], [76.4612067, 56.0006848], [76.4615393, 56.0007688], [76.4617324, 56.0008408], [76.4621508, 56.0009668], [76.4623225, 56.0010628], [76.4624298, 56.0012487], [76.4625156, 56.0012847], [76.4629877, 56.0013087], [76.4632022, 56.0013567], [76.463449, 56.0014947], [76.4636314, 56.0015787], [76.4638674, 56.0017227], [76.4639103, 56.0019266], [76.4641034, 56.0023226], [76.4640713, 56.0025985], [76.4640176, 56.0026645], [76.4639103, 56.0026885], [76.4638245, 56.0027305], [76.4634597, 56.0027725], [76.4633846, 56.0028325], [76.4632881, 56.0029525], [76.4630949, 56.0034084], [76.4629769, 56.0034384], [76.4627302, 56.0034564], [76.4626658, 56.0033664]]]}}, {"type": "Feature", "properties": {"id": 0.4356510280258912, "osm_id": 1025846167, "name_kz": "озеро Иртыш", "name_ru": "озеро Иртыш", "name_en": "", "object_type": "lake"}, "geometry": {"type": "Polygon", "coordinates": [[[82.9329881, 52.5143079], [82.9330659, 52.514223], [82.9331008, 52.5141348], [82.9331329, 52.514112], [82.9331866, 52.5140859], [82.9332805, 52.514063], [82.9333475, 52.5140353], [82.933377, 52.5140108], [82.9334146, 52.5139912], [82.9335085, 52.5139602], [82.933774, 52.513921], [82.9340288, 52.5138443], [82.93423, 52.5138018], [82.9344392, 52.5137366], [82.9346725, 52.5137104], [82.9350963, 52.5137104], [82.9352036, 52.5137023], [82.935445, 52.5136729], [82.9356033, 52.5136484], [82.9364213, 52.5136109], [82.9366091, 52.5136125], [82.9367217, 52.513619], [82.937108, 52.5136582], [82.9374245, 52.5137055], [82.9379153, 52.5137512], [82.9384705, 52.5138459], [82.9397204, 52.5141577], [82.939876, 52.5142279], [82.9400504, 52.5142997], [82.9407048, 52.514538], [82.940914, 52.5146], [82.9412225, 52.5147094], [82.9429793, 52.5152007], [82.9431778, 52.5152513], [82.9433119, 52.5152921], [82.9437357, 52.5154047], [82.9438537, 52.5154407], [82.9450473, 52.515661], [82.9452404, 52.5156937], [82.9453424, 52.5157083], [82.9454094, 52.51571], [82.9456723, 52.5157165], [82.94597, 52.5157018], [82.9462087, 52.5156643], [82.9469678, 52.5154847], [82.9471046, 52.5154325], [82.947228, 52.5153754], [82.9472816, 52.5153558], [82.9473326, 52.5153492], [82.9473916, 52.5153623], [82.947413, 52.5153933], [82.947405, 52.5154292], [82.9472575, 52.5155402], [82.947126, 52.5156202], [82.9470724, 52.5156626], [82.9469919, 52.5157475], [82.9469168, 52.51579], [82.9468417, 52.5158128], [82.946721, 52.5158373], [82.9464903, 52.5158683], [82.946206, 52.5159434], [82.9459351, 52.5159858], [82.9454792, 52.5160005], [82.9453558, 52.5160005], [82.9451653, 52.5159891], [82.9444948, 52.5159254], [82.9439637, 52.5158308], [82.9437599, 52.5157834], [82.9434621, 52.5157296], [82.9432073, 52.5156561], [82.9429176, 52.5155582], [82.942864, 52.5155549], [82.9427621, 52.515537], [82.9416329, 52.5152007], [82.9408818, 52.5149347], [82.9404929, 52.5148155], [82.940214, 52.5147159], [82.9401684, 52.5146931], [82.9400369, 52.5146392], [82.9387575, 52.5142948], [82.9386422, 52.5142703], [82.9383257, 52.5141871], [82.9380521, 52.514125], [82.9378912, 52.5141038], [82.9376096, 52.5140859], [82.9368934, 52.5139847], [82.9365715, 52.5139585], [82.9362282, 52.5139553], [82.9360512, 52.5139618], [82.9358903, 52.5139749], [82.9355442, 52.514014], [82.9354343, 52.514032], [82.9349864, 52.5141365], [82.9347905, 52.5141658], [82.9344285, 52.5141952], [82.9341951, 52.5142099], [82.9339752, 52.514236], [82.9338196, 52.5142719], [82.933723, 52.5142997], [82.9335755, 52.5143601], [82.933495, 52.5144091], [82.9334334, 52.5144662], [82.9333046, 52.5146914], [82.9333019, 52.5147241], [82.933318, 52.5147845], [82.9332617, 52.515142], [82.9332644, 52.5152529], [82.9332992, 52.5153395], [82.9334387, 52.5155631], [82.9335165, 52.5156577], [82.9340771, 52.5160805], [82.9341575, 52.5161344], [82.9344043, 52.5162764], [82.9345277, 52.5163335], [82.9345947, 52.516358], [82.9349005, 52.51642], [82.9351178, 52.5164788], [82.9352653, 52.5165326], [82.9354048, 52.5165963], [82.9355094, 52.5166501], [82.9356623, 52.5167236], [82.9358339, 52.5168215], [82.936703, 52.517383], [82.9371509, 52.5176033], [82.9374272, 52.5177013], [82.9374996, 52.5177453], [82.937572, 52.5178106], [82.9378644, 52.5181175], [82.9378992, 52.5181762], [82.9379556, 52.5183068], [82.9379904, 52.5184357], [82.938036, 52.5187018], [82.9380655, 52.5188062], [82.9382721, 52.5192632], [82.9385135, 52.519606], [82.9385966, 52.5197088], [82.9387495, 52.5198638], [82.9395139, 52.5204122], [82.9395944, 52.5204579], [82.9399806, 52.5206081], [82.9400825, 52.5206374], [82.9401791, 52.5206505], [82.940281, 52.520657], [82.9404956, 52.5206374], [82.9405814, 52.5206179], [82.9406673, 52.5205852], [82.9407477, 52.520546], [82.9409569, 52.5203926], [82.9411393, 52.5202294], [82.9412681, 52.520125], [82.9413807, 52.5200205], [82.9414773, 52.5199063], [82.9415041, 52.5198475], [82.9415202, 52.5197822], [82.941547, 52.5195896], [82.9415631, 52.5195309], [82.941649, 52.5193383], [82.9417187, 52.5192208], [82.941767, 52.5191588], [82.9418689, 52.5190576], [82.9420191, 52.5188846], [82.9422605, 52.5186855], [82.9426467, 52.5182807], [82.9428345, 52.5180685], [82.9429632, 52.5179706], [82.9431885, 52.5178237], [82.9433387, 52.5177388], [82.9434782, 52.5176507], [82.9436821, 52.5175005], [82.9437518, 52.5174548], [82.9438966, 52.5173634], [82.9441327, 52.5172198], [82.9443902, 52.5170892], [82.9446369, 52.5169782], [82.9449481, 52.5168248], [82.9452914, 52.5166812], [82.9453772, 52.5166485], [82.9462194, 52.5162764], [82.9463911, 52.5162176], [82.9464823, 52.5161915], [82.9465789, 52.5161752], [82.9466701, 52.5162013], [82.946713, 52.5162568], [82.9467022, 52.5163221], [82.9466593, 52.5163776], [82.9466003, 52.5164331], [82.9465306, 52.5164788], [82.9464501, 52.5165212], [82.946375, 52.5165669], [82.9462892, 52.5166159], [82.9461014, 52.5167105], [82.9459995, 52.516753], [82.9457527, 52.516877], [82.9453558, 52.5171088], [82.945168, 52.5172035], [82.944991, 52.5172883], [82.9448944, 52.5173242], [82.9448032, 52.5173634], [82.9446369, 52.5174418], [82.9444706, 52.5175397], [82.9443151, 52.5176441], [82.9440737, 52.5177878], [82.9432207, 52.5184145], [82.9431671, 52.51847], [82.9430115, 52.5186332], [82.942915, 52.518754], [82.9428667, 52.5188193], [82.9427111, 52.5189988], [82.9424536, 52.5192241], [82.9423034, 52.5193905], [82.9421478, 52.5197692], [82.9419118, 52.5201609], [82.9418474, 52.5202196], [82.9415739, 52.5204383], [82.9414397, 52.5205591], [82.9413217, 52.5206799], [82.9411876, 52.5207941], [82.9411125, 52.5208431], [82.9409355, 52.5209182], [82.9407585, 52.5209802], [82.9406673, 52.5210095], [82.9402596, 52.5210944], [82.940045, 52.5210944], [82.9398304, 52.5210618], [82.9396373, 52.5210095], [82.9391706, 52.5207517], [82.9390258, 52.5206505], [82.9389667, 52.520595], [82.9384947, 52.5202196], [82.9384303, 52.5201641], [82.9383767, 52.5201087], [82.9383177, 52.5200597], [82.9381299, 52.5198997], [82.9380709, 52.5198377], [82.9378992, 52.5196745], [82.937808, 52.5195603], [82.9377544, 52.5194982], [82.9375827, 52.5191947], [82.9375184, 52.5190249], [82.9374701, 52.5188421], [82.9372662, 52.5182676], [82.9372501, 52.5182023], [82.9371858, 52.5180783], [82.9370731, 52.5179706], [82.9370087, 52.5179249], [82.9367781, 52.517791], [82.9366922, 52.5177519], [82.9365313, 52.5176735], [82.9362524, 52.517556], [82.9359037, 52.5173863], [82.9356784, 52.5172492], [82.9354209, 52.51705], [82.9352814, 52.5169554], [82.9351956, 52.5169227], [82.9351044, 52.5168999], [82.9347879, 52.516877], [82.9345894, 52.5168509], [82.9339725, 52.5166224], [82.933892, 52.5165832], [82.9335165, 52.516358], [82.933141, 52.5160479], [82.9330766, 52.5159924], [82.9330176, 52.5159434], [82.9328406, 52.5157802], [82.9327547, 52.5156724], [82.932685, 52.5155582], [82.9326314, 52.5153754], [82.932626, 52.5151828], [82.9326528, 52.515062], [82.9326689, 52.5149999], [82.9327172, 52.5148041], [82.9327923, 52.5146213], [82.9328245, 52.5145625], [82.9328674, 52.514507], [82.932921, 52.5143927], [82.9329881, 52.5143079]]]}}, {"type": "Feature", "properties": {"id": 0.7952168632957752, "osm_id": 1064835941, "name_kz": "Шұқырғанкөл", "name_ru": "Шукырганколь", "name_en": "Shukyrgankol", "object_type": "lake"}, "geometry": {"type": "Polygon", "coordinates": [[[77.728951, 43.1209656], [77.7286347, 43.120614], [77.7284127, 43.1204038], [77.7284269, 43.1200419], [77.7286772, 43.1197248], [77.7289888, 43.1195938], [77.7291966, 43.1194008], [77.7295413, 43.1192905], [77.7299191, 43.1194318], [77.7301882, 43.1195145], [77.7302779, 43.1198282], [77.7303818, 43.1199936], [77.7301977, 43.1205416], [77.7300088, 43.1205968], [77.7299191, 43.1208243], [77.729428, 43.1207071], [77.7291635, 43.1209104], [77.728951, 43.1209656]]]}}, {"type": "Feature", "properties": {"id": 0.5733255180541625, "osm_id": 1108161848, "name_kz": "Талас", "name_ru": "Талас", "name_en": "", "object_type": "river"}, "geometry": {"type": "LineString", "coordinates": [[79.7880209, 43.1745356], [79.788138, 43.1744862], [79.7883783, 43.1745311], [79.7886063, 43.1745581], [79.7887234, 43.1745086], [79.788822, 43.1743873], [79.7889883, 43.1742705], [79.7891978, 43.1742075], [79.7896354, 43.1740907], [79.7900297, 43.1739469], [79.7904611, 43.1737132], [79.7905412, 43.1735784], [79.7907137, 43.1735514], [79.7908493, 43.1735155], [79.7909294, 43.1734301], [79.7911327, 43.1732998], [79.7913423, 43.1732773], [79.7913915, 43.1731919], [79.7915702, 43.1731515], [79.7917982, 43.1731694], [79.7920324, 43.17312], [79.7922173, 43.1731245], [79.792322, 43.1730661], [79.7924884, 43.1729942], [79.7926363, 43.1728818], [79.7927595, 43.1728459], [79.7928643, 43.1729313], [79.7929752, 43.1730346], [79.7931231, 43.1731155], [79.7933264, 43.173138], [79.7935483, 43.1731155], [79.7937208, 43.1731425], [79.7938749, 43.1732144], [79.7940351, 43.1732054], [79.7941768, 43.1731335], [79.7944788, 43.17312], [79.7946801, 43.1731788]]}}, {"type": "Feature", "properties": {"id": 0.3107938184474972, "osm_id": 1190771518, "name_kz": "озеро Шубартерек", "name_ru": "озеро Шубартерек", "name_en": "", "object_type": "lake"}, "geometry": {"type": "Polygon", "coordinates": [[[76.5651905, 53.0940241], [76.5645897, 53.0942624], [76.5646219, 53.09443], [76.5653086, 53.0950098], [76.5700078, 53.0956862], [76.5714562, 53.0957764], [76.5726471, 53.0960084], [76.5736878, 53.0960728], [76.5744495, 53.0962854], [76.577754, 53.0966977], [76.5824318, 53.0975932], [76.5849209, 53.0982632], [76.590575, 53.098946], [76.5912831, 53.0992488], [76.5916264, 53.0998092], [76.5937078, 53.1006209], [76.5940833, 53.1009043], [76.5960038, 53.101381], [76.5978598, 53.101439], [76.601218, 53.1008399], [76.6032886, 53.1009301], [76.604222, 53.1008721], [76.6069364, 53.1011749], [76.6099191, 53.1012522], [76.6119897, 53.1014325], [76.6132021, 53.1011491], [76.6135991, 53.1008463], [76.6133952, 53.1004856], [76.6116249, 53.0995451], [76.6095114, 53.0990813], [76.6079557, 53.0986175], [76.6034925, 53.0976962], [76.601057, 53.096949], [76.5992975, 53.0964271], [76.5966046, 53.0961179], [76.5941048, 53.0959246], [76.5933108, 53.0956927], [76.5913367, 53.0954994], [76.5874636, 53.0949325], [76.5828287, 53.0947456], [76.5783226, 53.0944686], [76.5761769, 53.0942238], [76.5723252, 53.0943913], [76.5683234, 53.0939016], [76.5651905, 53.0940241]]]}}, {"type": "Feature", "properties": {"id": 0.6220517467809201, "osm_id": 1232432101, "name_kz": "Шукыршак", "name_ru": "Шукыршак", "name_en": "", "object_type": "river"}, "geometry": {"type": "LineString", "coordinates": [[77.7510848, 43.1023334], [77.7518572, 43.1013677], [77.7530211, 43.1009659], [77.7538888, 43.1001238], [77.7546718, 43.1001161], [77.7554244, 43.0995422], [77.7567259, 43.0990709], [77.7576782, 43.0982519], [77.7577522, 43.0977033], [77.7596462, 43.0971625], [77.7609371, 43.0965058], [77.7619518, 43.095679], [77.7633591, 43.0950995], [77.7652002, 43.0949682], [77.7660629, 43.0944891], [77.7668459, 43.0943578], [77.7674385, 43.0934692], [77.7682215, 43.0923488], [77.7684966, 43.0912931], [77.7687717, 43.09042], [77.7698933, 43.0892068], [77.7705743, 43.0890986], [77.7734418, 43.0889132], [77.7751983, 43.08889], [77.7765642, 43.0890986], [77.7778022, 43.0892532], [77.779796, 43.0898636], [77.7814361, 43.0899641], [77.7821556, 43.0902963], [77.7832454, 43.0906672], [77.784166, 43.0910536], [77.7852261, 43.0911386], [77.7864535, 43.0915327], [77.7883475, 43.0915172], [77.789565, 43.0916949], [77.7911522, 43.0914863], [77.7920939, 43.091239], [77.7935012, 43.0915172], [77.7946651, 43.0918031], [77.794972, 43.0917567], [77.7951836, 43.0910922], [77.7959702, 43.0907677], [77.7975045, 43.0900259], [77.7991445, 43.0894154], [77.7996207, 43.0890986], [77.799917, 43.0880169], [77.8006259, 43.0875919], [77.8008058, 43.0870973], [77.8006682, 43.086765], [77.8010607, 43.0863477], [77.801029, 43.0859459], [77.8017591, 43.0853122], [77.8028489, 43.084779], [77.8032299, 43.0841376], [77.8039164, 43.0837519], [77.804255, 43.0833733], [77.8050909, 43.083095], [77.8049745, 43.0825463], [77.8052178, 43.0820827], [77.8057681, 43.081534], [77.8062865, 43.0808539], [77.8060326, 43.0795348], [77.8063818, 43.0790866], [77.806276, 43.0781359], [77.8067098, 43.0779195], [77.8069955, 43.0770462], [77.8068473, 43.0764897], [77.8072071, 43.0758275], [77.8070061, 43.075101], [77.8072071, 43.0741967], [77.8071224, 43.0736479], [77.8059585, 43.0727822], [77.805112, 43.0721798], [77.8049321, 43.0716851], [77.8046041, 43.0713991], [77.8050591, 43.0706185], [77.8051226, 43.0698146], [77.8063077, 43.0693353], [77.8064453, 43.0689411], [77.8068473, 43.0682609], [77.807133, 43.0674555], [77.807387, 43.0671232], [77.8076092, 43.0663733], [77.8082123, 43.0659482], [77.8090376, 43.0647886], [77.8093711, 43.0646448], [77.8096039, 43.06398], [77.8101435, 43.0636708], [77.8105562, 43.0630833], [77.8108207, 43.0625421], [77.8114662, 43.0621633], [77.8119635, 43.0612511], [77.8119318, 43.0607254], [77.8125243, 43.0597977], [77.8131159, 43.0593029], [77.8131794, 43.0587463], [77.813772, 43.0579036], [77.8139836, 43.0572928], [77.8144174, 43.0562336], [77.8148724, 43.0557533], [77.815211, 43.0548951], [77.8158776, 43.0544622], [77.8161424, 43.0539084], [77.8163009, 43.053171], [77.8165564, 43.0525193], [77.8165725, 43.0523998], [77.8166234, 43.0523243], [77.8166074, 43.0522155], [77.8166731, 43.0521293], [77.816661, 43.0520627], [77.8166945, 43.0519902], [77.8168045, 43.0518814], [77.8169252, 43.0518147], [77.816952, 43.0517706], [77.8171384, 43.0517305], [77.8172591, 43.051754], [77.8174335, 43.0517207]]}}, {"type": "Feature", "properties": {"id": 0.22261260837635266, "osm_id": 1256461578, "name_kz": "Шурак", "name_ru": "Шурак", "name_en": "", "object_type": "river"}, "geometry": {"type": "LineString", "coordinates": [[87.3311168, 53.6039509], [87.331065, 53.6039152], [87.3309692, 53.6039291], [87.3308525, 53.6039069], [87.3308338, 53.6038751], [87.3307778, 53.6038654], [87.3307171, 53.6038765], [87.3306797, 53.6039028], [87.3306237, 53.6038986], [87.3304602, 53.603918], [87.3302944, 53.6039166], [87.3301613, 53.6039014], [87.3300819, 53.6038751], [87.3299769, 53.6038487], [87.3298811, 53.6038238], [87.329755, 53.603828], [87.3294958, 53.6038778], [87.3293651, 53.6038917], [87.329288, 53.6038903], [87.3291269, 53.6039125], [87.3289051, 53.6039831], [87.3285875, 53.6040413], [87.3283167, 53.6040898], [87.3281252, 53.6041466], [87.3280808, 53.6041771], [87.3279734, 53.6042048], [87.3277189, 53.604317], [87.3274807, 53.6044597], [87.3271025, 53.6047036], [87.3270184, 53.6047867], [87.3269694, 53.6048615], [87.3269484, 53.6049225], [87.3268783, 53.6049973], [87.3268573, 53.6050416], [87.3268363, 53.60514], [87.3268316, 53.6051857], [87.3267359, 53.6052564], [87.3266728, 53.6054019], [87.3266355, 53.6054725], [87.3265794, 53.6055349], [87.3265678, 53.6056291], [87.3265538, 53.6058286], [87.3265257, 53.6058979], [87.3264393, 53.606035], [87.3263716, 53.6060987], [87.3263623, 53.6061652], [87.326368, 53.6063118], [87.3263639, 53.6064927], [87.3262989, 53.6068883], [87.3262623, 53.6069944], [87.3261647, 53.6073345], [87.3261037, 53.6076095], [87.3260712, 53.6078724], [87.3261525, 53.6079858], [87.3262094, 53.6080726], [87.3262582, 53.6082414], [87.3262745, 53.6083427], [87.3262623, 53.6084658], [87.3262907, 53.6086298], [87.3262257, 53.6087576], [87.3261769, 53.6089458], [87.3260468, 53.6090615], [87.325998, 53.6091556], [87.325872, 53.6093196], [87.3258395, 53.6093896]]}}, {"type": "Feature", "properties": {"id": 0.24558455921414812, "osm_id": 1274628020, "name_kz": "Шубарат", "name_ru": "Шубарат", "name_en": "", "object_type": "river"}, "geometry": {"type": "LineString", "coordinates": [[76.519724, 43.1676242], [76.5198936, 43.1677179], [76.5201542, 43.1680791], [76.5203885, 43.168247], [76.5206638, 43.1683579], [76.5208693, 43.1686247], [76.5211693, 43.1688615], [76.5214118, 43.1690053], [76.521683, 43.1690593], [76.52172, 43.1691192], [76.5218187, 43.1692002], [76.5220241, 43.1692511], [76.5222296, 43.169335], [76.5224474, 43.169365], [76.5226201, 43.169377], [76.5228461, 43.1694699], [76.5229324, 43.1695718], [76.5230845, 43.1697247], [76.5232324, 43.1698326], [76.523368, 43.1699525], [76.5234831, 43.1700694], [76.5235146, 43.1700904]]}}]}